--
-- File generated with SQLiteStudio v3.2.1 on Mon Aug 5 23:08:06 2019
--
-- Text encoding used: UTF-8
--
PRAGMA foreign_keys = off;
BEGIN TRANSACTION;

-- Table: android_metadata
CREATE TABLE android_metadata (locale TEXT);
INSERT INTO android_metadata (locale) VALUES ('en_US');

-- Table: categories
CREATE TABLE categories (_id integer primary key, category_name text,guid text DEFAULT '');
INSERT INTO categories (_id, category_name, guid) VALUES (1, 'Home', 'a23ccd78-30c0-4f5c-b660-f31d75ea9f87');
INSERT INTO categories (_id, category_name, guid) VALUES (2, 'Family', '1537d18f-b250-492e-85c3-963654ce85d6');
INSERT INTO categories (_id, category_name, guid) VALUES (4, 'Pets', '8e231900-c71f-4114-ab8e-b4fdc2fbbd72');
INSERT INTO categories (_id, category_name, guid) VALUES (5, 'Study', '8a287d38-fd49-458c-b52a-9b2d89c7e290');
INSERT INTO categories (_id, category_name, guid) VALUES (6, 'Dreams', '1883f393-53d4-4ea9-bb56-18be16b50c6d');
INSERT INTO categories (_id, category_name, guid) VALUES (7, 'Ideas', '32308b49-4c31-45a1-88f1-4650a379eb5f');
INSERT INTO categories (_id, category_name, guid) VALUES (8, 'Work', '5cdb69d2-d11e-49bc-9bb4-97c597de7bca');
INSERT INTO categories (_id, category_name, guid) VALUES (9, 'Friends', '5beb8d3b-8dd6-467d-9dd1-6f6632775437');
INSERT INTO categories (_id, category_name, guid) VALUES (10, 'Relaxation', '7fee3b0e-c180-47aa-bae2-366e28cc7469');
INSERT INTO categories (_id, category_name, guid) VALUES (11, 'Love', '1fa47426-5340-4e8d-817e-16647e8046c7');
INSERT INTO categories (_id, category_name, guid) VALUES (12, 'Other', 'fbd5b45d-70b9-4820-bbe2-6626aa8f7ea3');
INSERT INTO categories (_id, category_name, guid) VALUES (13, 'Poem', 'ff0c80fd-f6b5-49f0-9371-9857b8569b0a');
INSERT INTO categories (_id, category_name, guid) VALUES (14, 'Car', '44af415e-45e9-4894-b813-d566041316db');

-- Table: deleted
CREATE TABLE deleted (type text, value);
INSERT INTO deleted (type, value) VALUES ('entry', '19e6972e-cec1-4526-9570-dc218a202f59');
INSERT INTO deleted (type, value) VALUES ('tag', '96a918b8-c795-4c49-a077-27651407fb94');
INSERT INTO deleted (type, value) VALUES ('category', 'c77fb63d-ab7c-415d-bc5c-888eab687a90');

-- Table: records
CREATE TABLE records (_id integer primary key,date integer,hours text,minutes text,seconds text,day integer,month integer,year integer,note_title text,note_text text,category text,upd_time integer DEFAULT 0,guid text DEFAULT '');
INSERT INTO records (_id, date, hours, minutes, seconds, day, month, year, note_title, note_text, category, upd_time, guid) VALUES (1, 979390823721, NULL, NULL, NULL, NULL, NULL, NULL, 'အချစ်ပင်လယ်', 'လှည့်စားတတ်တဲ့ကြမ္မာ
အချစ်စားတဲ့ သံယောဇာဉ်
ကမ္ဘာအပြင်ကို ရောက်တော့
စေတန်နတ်သားရဲ့စနက်
ဒဏ်ရာချက်နဲ့ လမျက်နှာ
ကမ္ဘာ့လူသားရဲ့ နှလုံးသားမှာ
ဘယ်ဟာက အချစ်ရဲ့အလှလဲ
လူ့အစ အာဒမ်ရဲ့ရင်မှာ
အချစ်ရှိသလား ဒဿနရှင်များကို
သိကြသလားလို့ မေးမယ်ဆိုရင်
ပင်လယ်ပြင်ဘယ်ကစ
ရှာမရသလိုဘဲ ဖြေကြမယ်။  ။', 'Poem', 1362101657215, '746c8250-330f-4485-9f08-231b3df117c6');
INSERT INTO records (_id, date, hours, minutes, seconds, day, month, year, note_title, note_text, category, upd_time, guid) VALUES (2, 977144423721, NULL, NULL, NULL, NULL, NULL, NULL, 'ခက်ပြီ', 'ကလေးရယ်
မင်းငယ်သေးတယ်
အစကတည်းက
စောမတွေ့ရရင်ကောင်းမယ်
အခုနှယ်မှ
မေ့မရနိုင်လို့
အချိန်တွေကို
စောင့်စားရင်း
ဖြတ်ကျော်ရပြီ
နောက်ဆုတ်လို့လည်းမရ
အခက်တက အခက်နဲ့
ရှေ့ဆက်ဖို့က
ဘယ်လိုလုပ်ရမလဲ
ရင်ထဲလဲမဝေခွဲနိုင်
အချစ်တိုင်ခိုင်လို့
နှုတ်ဖို့မတတ်ခဲ့။  ။', 'Poem', 1362101567787, 'b2d5e6b8-a42d-415b-9f6e-b30327add3b5');
INSERT INTO records (_id, date, hours, minutes, seconds, day, month, year, note_title, note_text, category, upd_time, guid) VALUES (3, 979909223721, NULL, NULL, NULL, NULL, NULL, NULL, 'နှိပ်စက်တဲ့အရိပ်', 'လူတွေအများကြီး
နားငြီးလောက်တဲ့ အသံတွေနဲ့
ကိုယ့်ကိုနှိပ်စက်ကြတယ်
သီးချင်းသံလည်း ကြားတယ်
ကိုယ့်ရင်ထဲမှာတော့ အလွမ်းတွေနဲ့
တမ်းတမှုတွေနဲ့
မိန်းကလေးတွေ မြင်မိတိုင်း
မင်းလေးလားလို့ ကြည့်မိတော့
သဏ္ဌာန်တူရင်
မြင်ယောင်မှားမိပေါ့
ကိုယ့်အနားမှာတော့
မင်းလေးရဲ့အရိပ်တွေ
စကားသံတွေ
သင်းပျံ့တဲ့ရနံတွေ
အချစ်တွေနဲ့
ကိုယ်အဖော်မဲ့နေခဲ့။   ။', 'Poem', 1362101690365, 'e0561848-7710-4c83-86c6-9ba9cada9ca8');
INSERT INTO records (_id, date, hours, minutes, seconds, day, month, year, note_title, note_text, category, upd_time, guid) VALUES (4, 979909223721, NULL, NULL, NULL, NULL, NULL, NULL, 'လမ်းတကာရဲ့အလှဲ့', 'တွေ့မြင်ကြ အချိန်မှာ
ရှောင်မိရာမှ သတိရခြင်းတို့
ရင်မှာဆို့နစ်နေခဲ့
မျှော်လင့်ချက်နဲ့ လျောက်လှမ်းတဲ့
လမ်းတို့ရဲ့အပေါ်မှာ
မင်းလေးမရှိနိုင်တာ
သေချာသိနေလည်း
မသိစိတ်ရဲ့ မျှော်လင့်ချက်ကို
မတွန်းလှန်နိုင်လို့
ဟိုဟိုသည်သည် ကြည့်မိတော့
အတိတ်ကသိခဲ့
မိန်းမလှတစ်ယောက်နဲ့
ပြန်တွေ့ခဲ့တယ်
မမရယ်… မမမောင်တော့
ကလေးတစ်ယောက်ကြောင့်
အချစ်တောက်ခဲ့ရပြီ။   ။', 'Poem', 1362101709006, '86e2b954-7e67-4c26-a880-08e2d587e0de');
INSERT INTO records (_id, date, hours, minutes, seconds, day, month, year, note_title, note_text, category, upd_time, guid) VALUES (5, 976626023721, NULL, NULL, NULL, NULL, NULL, NULL, 'အသည်းဇာတ်လမ်း', 'တစ်သက်စာ ထာဝရ
သည်ရင်ခွင်မှာ ခိုလှုံရအောင်
အသည်းအိမ်ဆောင်အခန်း
နေရာပေးထားလည်း
ကိုယ့်ရင်ခွင်ထဲ
မင်းလေး လှမ်းဝင်ခဲလို့
လွတ်နေတဲ့ အသည်းက
ငိုရှိုက်ခဲ့ရတာ
ကာလမတန်ကြာခဲ့ပြီ
အသည်းရဲ့ဘဝ။

ရင်မှာတွယ်တာရ
မင်းလေးရဲ့ အလှက
မြင်သမျှ အချိန်တို့တိုင်းမှာ
တိုးကြွလာခဲ့တော့
အသည်းရဲ့ဝေသနာ
ဘယ်လာနည်းနိုင်မှာလည်းကွာ
အချစ်တွေ ပိုများလာလေ
မေ့မရစေတဲ့ နေ့ရက်တွေ
ကြာလေလေ မျှော်လင့်နေရ
အသည်းရဲ့ဘဝ။   ။', 'Poem', 1362101732329, '5164d75a-25a7-4771-a8e1-b8acdba2471f');
INSERT INTO records (_id, date, hours, minutes, seconds, day, month, year, note_title, note_text, category, upd_time, guid) VALUES (6, 975848423721, NULL, NULL, NULL, NULL, NULL, NULL, 'အကျီစားသန်သူ', 'လူကိုတွေ့ရင်
လှောင်ပြုံးနဲ့
အကြင်နာစွက်ပြီး
မျက်ဝန်းဝေ့လှည့်
ကျီစားဟန်လေးနဲ့
ကြည့်တတ်ခဲ့သူရယ်
အရိုးခံအသည်းခဗျာ
ခွဲခြားမသိနိုင်ရှာလို့
ချစ်ရမယ်လို့
ထင်မိမှ
ကျီစားကာမုန်းဟန်ပြ
မျက်စောင်းလှလှကို
ဒေါသပိုစွက်
ထိုးနှက်တော့
အသည်းခဗျာ
ရူးရရှာပေါ့။   ။', 'Poem', 1362101758355, 'ff5b534a-81c4-4c89-b22e-0e90af35bc2b');
INSERT INTO records (_id, date, hours, minutes, seconds, day, month, year, note_title, note_text, category, upd_time, guid) VALUES (7, 930834023721, NULL, NULL, NULL, NULL, NULL, NULL, 'အားကျရာလား', 'သူများတစ်တွေ ချစ်နေကြတာ
တွေ့မြင်ကာမှ ရင်ထဲဟာဟာ
ရချင်ရှာမိ မရှိသူရဲ့တမ်းတလွှာ။

သူတို့များတော့ ဖက်ပျော့တကင်း
ချစ်တင်းနှောနေ ရှိုက်မောစေရန်
ပျော်နေပြန်တော့ ချစ်ကံလျော့သူ ဝမ်းမသာ။

သူများချစ်သလို ချစ်ပါဆိုလည်း
အသည်းစွမ်းပြ မရော့ရရန်
ချစ်နိုင်ပြန်လည်း ကံနည်းသူတော့ မပျော်သာ။

သူများချစ်ပုံ ရင်ခုန်လှိုက်မော
ပျော်ရောလွမ်းပါ ခံရတာကို
အားကျလိုစိတ် မရှိအောင်နှိပ်ကွပ်မိလာ။   ။', 'Poem', 1362101796196, 'c9188787-7903-45ff-ba5e-aa3116e69129');
INSERT INTO records (_id, date, hours, minutes, seconds, day, month, year, note_title, note_text, category, upd_time, guid) VALUES (8, 981118823721, NULL, NULL, NULL, NULL, NULL, NULL, 'အချစ်ကြောင့်', 'အချို့သူတွေ
ချစ်ဝဲဩဂအလယ်
ရူးသွပ်နေပြီး
လိုအင်တွေကြောင့်
ရက်စက်ကြတယ်။

အချို့သူတွေ
ကြမ္မာဒဏ်ချက်နဲ့
အလွမ်းစွက်ပြီး
နှလုံးသားတွေ
သေနေကြတယ်။

အချို့သူတွေ
အချစ်ရဲ့ဒဏ်
မခံနိုင်လို့
ရှောင်ပြေးပုန်းရင်း
တစ်ကိုယ်တည်းပဲ
ဘဝလမ်းကို
လျောက်လှမ်းနေတယ်။

အချို့သူတွေ
မြားနတ်မောင်ကူ
အချစ်တူလို့
အကြင်နာတို့နဲ့
လည်ချင်းယှက်ပြီး
ချစ်ခရီးလမ်း
ပျော်ပျော်နဲ့လှမ်းကြတယ်။

ကိုယ့်မှာကတော့
အချစ်အကြောင်းကို
ခံစားမိမှ
ဘဝကိုဘယ်လိုကရမလဲ
တွေးတောရင်းနဲ့
အချိန်တွေ ကုန်လွန်ခဲ့တယ်။   ။', 'Poem', 1362101819460, 'fbdd4d50-0f49-465c-a9f2-61279312472d');
INSERT INTO records (_id, date, hours, minutes, seconds, day, month, year, note_title, note_text, category, upd_time, guid) VALUES (9, 981378023721, NULL, NULL, NULL, NULL, NULL, NULL, 'ဒဏ္ဏာရီဆန်ပုံရိပ်', 'ညညအခါ
မက်မက်လာတဲ့
အသိနယ်လွန် 
အိပ်မက်က
အစပြုပြီး
ဒဏ္ဏာရီလေသွန်တံခါး
ပွင့်လာမလားလို့
ထင်မိခဲ့တယ်။

ညညအခါ
အသိဉာဏ်ထဲ
ရောက်ရောက်လာသူက
အချိန်ရှိသမျှ
နေရာယူထားတော့
လွမ်းမောခြင်းတို့နဲ့
အဖော်ပြုခဲ့တဲ့
ကိုယ့်ရဲ့အဖြစ်အပျက်
ဘယ်ပန်းချီဆေးချက်လည်း
မုန်ရီရီပဲ ရှိနေခဲ့တယ်။

ညညအခါ
တမ်းတရသူရယ်
အိပ်မက်နယ်ကလည်းခွာ
အပြင်မှာလည်းပြေး
မဝေးပေမယ့်
လိုက်သူမောရဲ့
ဘယ့်အတွက်နဲ့
ရှောင်ပြေးရက်စက်လဲ
မေးခွန်းတွေထဲ
ကိုယ်ဝဲလည်ခဲ့တာ
သည်ပုံရိပ်တွေဟာ
ဒဏ္ဏာရီလေလားကွာ။   ။', 'Poem', 1362101839466, '26f4bcbb-eedd-4d95-90c0-cbb1ce176396');
INSERT INTO records (_id, date, hours, minutes, seconds, day, month, year, note_title, note_text, category, upd_time, guid) VALUES (10, 981982823721, NULL, NULL, NULL, NULL, NULL, NULL, 'အိန္ဒြေရှင်', 'မာယာပေါတဲ့ ကျူတောမှာ
အလွမ်းတစ်ရာ
ပွင့်လွှာတစ်ခုနဲ့
ပန်းလေးတစ်ပွင့်
ကြွေလွင့်သွားတိုင်း
ပုလင်းတစ်ပိုင်းနဲ့
နှုတ်ဆက်တဲ့သူတွေ
လူ့ကျောက်ခဲလေပဲလား။

အချစ်ပလ္လင်
ယစ်တင်ဟန်နဲ့
မာယာဓားချက်
ခပ်နက်နက်ထိုးစိုက်
အမုန်းတံဖျာရယ်
မဲ့ပြုံးနှောင်ကြိုးရယ်နဲ့
နှိပ်စက်ခဲ့တဲ့ မာယာရှင်
ယစ်ကောင်ရဲ့
နှလုံးသွေးစက်နဲ့
လက်ဆေးခဲ့တယ်။

အလှကမ္ဘာက
အိန္ဒြေရှင်ရယ်
ကိုယ့်အသည်းနဲ့
ခင်းတဲ့ထားတဲ့လမ်း
ခပ်ရဲရဲလှမ်းပြီး
ကိုယ့်ရင်ခွင်ဆီ
ခိုဝင်မှီပါ
မင်းလေးကို
ပန်းလေးလို
မယာရှင်လို
မဖြစ်အောင်
ကိုယ်မျှော်လင့်နေပါ့မယ်။   ။', 'Poem', 1362101859927, 'a0b9a5ab-a742-4bb0-aa48-258b80e9add0');
INSERT INTO records (_id, date, hours, minutes, seconds, day, month, year, note_title, note_text, category, upd_time, guid) VALUES (11, 981982823721, NULL, NULL, NULL, NULL, NULL, NULL, 'သူခနဲ့', 'နှလုံးသား ကလေးငယ်ကို
ချစ်တတ်အောင်သင်ပြ
အို… ဆရာမ။

ဆရာမရဲ့ လက်ချာအောက်
နှလုံးသား ကျောက်ရုပ်လေး
လန့်နိုးခဲ့ပြီးမှ
အသက်ဆက်ဖို့ အင်အားတွေ
ထပ်ပေးနေလေရဲ့
ခင်မင်စေချင်တဲ့အခါ
ကိုယ်မွေးခဲ့တဲ့ နှလုံးသားကို
ကြိမ်စပ်စပ်နဲ့ ရိုက်နှက်ခဲ့လား။

နာပြီးတဲ့ နှလုံးသားငယ်
ကြင်နာမျက်ဝန်းရယ်နဲ့
ပြန်ချော့ခဲ့တာ
နှလုံးသားခဗျာ
နားမလည်နိုင်ခဲ့။   ။', 'Poem', 1362101877587, '9d94a531-bdf1-40a7-94e4-32dc5fb28661');
INSERT INTO records (_id, date, hours, minutes, seconds, day, month, year, note_title, note_text, category, upd_time, guid) VALUES (12, 981982823721, NULL, NULL, NULL, NULL, NULL, NULL, 'အချိန်တိုင်း', 'နှလုံးသားထဲက ငှက်ကျေးတွေ
သီကျွေးသံနဲ့အတူ
ကိုယ်နိုးထခဲ့တယ်။

မျက်ဝန်းပြင်ရှေ့မှာ
မှန်တစ်ချပ်လာဟတ်ပြီး
ပန်းပွင့်ပုံရိပ်လေး ထင်လာတယ်။

ယန္တရားလိုလှုပ်ရှားရင်း
တစ်နေ့တာ ဖြတ်ကျော်ပေမယ့်
အတွေးကမ္ဘာကစွမ်းအင်ဟာ
မင်းလေးရဲ့ပုံရိပ်တွေပါ။

ကွန်ပျူတာတစ်လုံး
ပရိုဂရမ်တွေ ပျက်ပြုန်းလည်း
အနားယူချိန်မှာ တစ်ခုတော့ကျန်ခဲ့တယ်။

နောက်တစ်နေ့ကို ပြန်စဖို့
အိပ်မက်တွေနဲ့ အတူ
ပုံရိပ်တစ်ခုတော့။   ။', 'Poem', 1362101895372, '4bdbbc0a-c1d1-4be5-8e6b-90df5aae35d1');
INSERT INTO records (_id, date, hours, minutes, seconds, day, month, year, note_title, note_text, category, upd_time, guid) VALUES (13, 983019623721, NULL, NULL, NULL, NULL, NULL, NULL, 'တခဏတာ', 'မြင်တွေ့မှုက တခဏ
မြင်ယောင်တာက ထာဝရ၊
ချစ်တယ်ပြောတာ တခဏ
ချစ်လိုက်ရတာ တစ်ဘဝ၊
အနမ်းလွလွ တခဏ
တမ်းတတာက အချိန်နဲ့အမျှ၊
ခိုဝင်မှီတာ တခဏ
အိပ်မက်တွေက တစ်ကြိမ်မက။

လက်တံလေးတွေ
ပျောက်ဆုံးနေတဲ့
နေ့ရက်တို့နဲ့
အနမ်းရွရွလေးတွေ
ပုန်းခိုနေတဲ့
အလွမ်းညတို့
ဘယ်မှာလည်းကွယ်
ကိုယ့်အတွက် အချစ်နေ့ရက်ရယ်။   ။', 'Poem', 1362101914375, '706e0780-e94d-4a54-9766-970a5d20e54b');
INSERT INTO records (_id, date, hours, minutes, seconds, day, month, year, note_title, note_text, category, upd_time, guid) VALUES (14, 983019623721, NULL, NULL, NULL, NULL, NULL, NULL, 'ချစ်သူနားခိုရာ', 'အလင်းမဲ့တဲ့
ဟင်းလင်းပြင်ကျယ်မှ
ကြယ်ကလေးနှစ်ပွင့်ရယ်
အလင်းရောင်ရှင်
လဝန်းဝိုင်းဝိုင်းလေးရဲ့
ဖြူစင်တဲ့ရောင်စဉ်ကို
ငံ့လင့်နေတယ်။

သမုဒ္ဒရာပြင်ကျယ်ထဲက
ကျွန်းတန်းလေးတစ်စုံရယ်
ရေလှိုင်းငယ်တို့ရဲ့
တို့ခတ်ကျီစယ်မှာကို
စောင့်မျှော်နေကြတယ်။

အရိပ်အေးချိုမြတဲ့
သစ်ပင်ပျိုရယ်
နားခိုသူကို
တမ်းတတယ်။   ။', 'Poem', 1362248261970, 'ebe76e96-be29-4d80-8503-f26e97b6d4ff');
INSERT INTO records (_id, date, hours, minutes, seconds, day, month, year, note_title, note_text, category, upd_time, guid) VALUES (15, 983019623721, NULL, NULL, NULL, NULL, NULL, NULL, 'အနားမှာ', 'လက်ကလေးအတွင်းက
စာရွက်ကလေးရယ်
မင်းနေရာမှာ
ကိုယ်ဝင်ချင်တယ်။

စာရွက်ပေါ်က
စာလုံးလေးရယ်
ကိုယ့်ရဲ့ရင်တွင်းစကားကို
ပုံဖော်ပေးပါလားကွယ်။

မင်းလေးနှုတ်ဖျားက
စာရွတ်သံရယ်
ကိုယ့်ကိုချစ်တယ်ဆိုတဲ့
စကားသံလေးဖြစ်ပါလားကွယ်။

မင်းလေးရှိတဲ့
အခန်းလေးရယ်
ကိုယ့်ရဲ့အချစ်တွေနဲ့
ဖုံးလွှမ်းထားလိုက်ချင်တယ်။   ။', 'Poem', 1362101945252, 'f62d9176-5446-4eed-846f-25a710f3d46f');
INSERT INTO records (_id, date, hours, minutes, seconds, day, month, year, note_title, note_text, category, upd_time, guid) VALUES (16, 983019623721, NULL, NULL, NULL, NULL, NULL, NULL, 'စမ်းချောင်းမလေး', 'အိပ်ပျော်နေတဲ့
စမ်းချောင်းကလေး
မိုးပြေးနိုးမှ
သူလေးနိုးထ
ရေကြည်အေးရှာ
နှောက်ဖို့လာသူကို
အငြင်းမပိုဘဲ
ခိုဝင်နားလှဲ့
ရေစဉ်ကမ်းလျက်
ကြိုလင့်ရက်သည်
ကြင်နာမျက်ရည်
သွန်းဖြိုးဝေသူ
မိုးပြေးငယ်ကို
ကြင်နာအကြွေး
ပြန်မပေးဘူးလား
စမ်းချောင်းမလေးရယ်။   ။', 'Poem', 1362101959154, '2cae3160-1282-49e0-83cc-da9aaaea63c0');
INSERT INTO records (_id, date, hours, minutes, seconds, day, month, year, note_title, note_text, category, upd_time, guid) VALUES (17, 984229223721, NULL, NULL, NULL, NULL, NULL, NULL, 'ဥက္ကာခဲလေး', 'ဟင်းလင်းပြင်နယ်
ကောင်းကင်ကျယ်မှ
ကြယ်လေးတစ်ပွင့်
လိမ့်ဆင်းကြွေတာ
မြင်တွေ့ရမှာ
ခဏလေးပါ။

ကြယ်ကလေးရဲ့
ကာလကြာစွာ
ဖြတ်သန်းလာတဲ့
ကန္တာရချဲ့
ခရီးရှည်ကို
ဘယ်သူမှမသိကြဘူး။

အလွမ်းညကာလတို့
ဖြတ်လာရမှ
ကြယ်ကလေးဘဝ
နားလည်ရတယ်။   ။', 'Poem', 1362102022363, '991ce88c-f46e-404b-913b-3f7d50d055d3');
INSERT INTO records (_id, date, hours, minutes, seconds, day, month, year, note_title, note_text, category, upd_time, guid) VALUES (18, 984402023721, NULL, NULL, NULL, NULL, NULL, NULL, 'နေ့စဉ်', 'နံနက်ခင်းအလှ
နိုးထစ
မင်းလေးကိုလွမ်းလို့
ကိုယ်နွမ်းလျ။

အရုဏ်ခွာပြေး
မွန်းတည့်မှာ
မင်းလေးကိုလွမ်းကာ
သတိရ။

မွန်းတည့်ကိုကျော်
နေညိုသော်မှ
မင်းလေးကိုတမ်းတ
မေ့မရပါ။

သူရိန်ကွယ်ရှိုး
အမှောင်စိုးလည်း
အိပ်မက်ထဲမှာ
မင်းလေးသာ။   ။', 'Poem', 1362102041017, 'a9219f8e-53ef-4bd9-a0ed-ccfb14ab9875');
INSERT INTO records (_id, date, hours, minutes, seconds, day, month, year, note_title, note_text, category, upd_time, guid) VALUES (19, 984402023721, NULL, NULL, NULL, NULL, NULL, NULL, 'ပန်းလေးဘဝ', 'ပန်းပိတောက်ဝါ
လမ်းတစ်လျောက်မှာ
သင်းသော်လည်း
ပန်းကြွေလို
နွမ်းခွေတဲ့အဖြစ်
ချစ်စစ်ချစ်ဦး
ရနံသင်းမြ
ပန်းလှလေးကို
အနမ်းလေးဝှက်
ပန်ဆင်ဖို့အတွက်
ကမ်းလျက်ပေးမှ
ကာလရထား
အလွမ်းများနဲ့
သယ်ဆောင်သွားလို့
ပန်းနွမ်းလေး
ဖြစ်ရတော့မှာလားမေ။   ။', 'Poem', 1362102061790, 'f60a9a73-c3d8-4b55-8f7e-02a6025f7b12');
INSERT INTO records (_id, date, hours, minutes, seconds, day, month, year, note_title, note_text, category, upd_time, guid) VALUES (20, 984402023721, NULL, NULL, NULL, NULL, NULL, NULL, 'တိတ်တခိုး', 'ပွင့်သစ်စ
ပန်းကလေးကို
တိတ်တခိုးလေး
အချစ်ပိုရ
ကိုယ့်ဘဝ။

ပန်းအလှလေး
အနမ်းနွေးပေးရင်
နွမ်းလျမယ်ထင်မိလို့
ခိုးရှိုက်ရတဲ့
ဥယျာဉ်မှူးရဲ့ဘဝ။

ပန်းကလေးရယ်
မြတ်နိုးတယ်လို့
ဖွင့်ဟရခက်
ငြင်းဆန်ရက်စက်မှာ
ရင်မဆိုင်ဝံ့ရှာ
ကိုယ်ဟာ တေမိလေးပါ။   ။', 'Poem', 1362102081281, '2b64504c-10be-4c3f-b662-3a2ab0580e7d');
INSERT INTO records (_id, date, hours, minutes, seconds, day, month, year, note_title, note_text, category, upd_time, guid) VALUES (21, 984402023721, NULL, NULL, NULL, NULL, NULL, NULL, 'မှုန်ရီဝေဝါး', 'ကောင်မလေးရေ
မင်းလေးကိုပေးဖို့
ရည်ရွယ်ရေးတဲ့
ရည်းစားစာလည်း
မင်းလေးရဲ့ အကြည့်တစ်ချက်မှာ
နွမ်းကြွေ စုပ်ပြဲရပြီ။

ကောင်မလေးရေ
မင်းလေးနဲ့တွေ့ရင်
ပြောပြဖို့ တွေးထားတဲ့
ကိုယ့်ရဲ့ရင်တွင်း စကားလည်း
မင်းလေးရဲ့ လှောင်ပြုံးအောက်မှာ
ကြောက်လန့်ပြေးပြီ။

ကောင်မလေးရေ
ကိုယ့်ရဲ့နှလုံးသားလည်း
မင်းလေးရဲ့ ခြေလှမ်းအောက်
အသက်ပျောက်ခဲ့ရပြီ။   ။', 'Poem', 1362102102871, '14912ccb-47b2-462f-8e87-c395f5a8e961');
INSERT INTO records (_id, date, hours, minutes, seconds, day, month, year, note_title, note_text, category, upd_time, guid) VALUES (22, 984574823721, NULL, NULL, NULL, NULL, NULL, NULL, 'အိပ်မက်', 'အိပ်မက်ကလေးရေ
မင်းဖန်ဆင်းပေးတဲ့
နတ်သမီးကလေး
ကိုယ်ရှာတွေ့ခဲ့ပြီ။

အိပ်မက်ကလေးရေ
မင်းမွေးပေးတဲ့
ကိုယ့်အချစ်တွေ
သူ့အတွက်ပေးခဲ့တယ်။

အိပ်မက်ကလေးရေ
မင်းတည်ဆောက်ပေးတဲ့
အချစ်ကမ္ဘာလေး
အပြင်မှာရှိရဲ့လားကွာ။

အိပ်မက်ကလေးရေ
မင်းလေးခွဲခွာသွားတော့
ညလေးတိုင်းမှာ
လွမ်းမိတယ်။   ။', 'Poem', 1362102120986, '68cbe501-0724-4df3-92a5-aa3e176c48a6');
INSERT INTO records (_id, date, hours, minutes, seconds, day, month, year, note_title, note_text, category, upd_time, guid) VALUES (23, 984920423721, NULL, NULL, NULL, NULL, NULL, NULL, 'သစ္စာ', 'နေမင်းသူရိန်
ပြာကျချိန်မှ
ကိုယ့်ရဲ့အချစ်
အမုန်းဖြစ်မှာပါ
ကလေးရယ်။

နှစ်အသချေင်္
အသက်ရှည်တဲ့
ကပ်ကမ္ဘာမှာ
မင်းလေးနဲ့ကိုယ်
လူရယ်လို့ဖြစ်
အတူချစ်ကြရင်
ဘယ်လောက်ကောင်းလိုက်မလဲ။

အသက်ဝိဉာဏ်
သေဆုံးလျှင်လည်း
နောက်ဘဝရှိရင်
ထပ်ဆုံချင်တယ် ကလေးရယ်။   ။', 'Poem', 1362102137718, 'a4e1f3ba-262b-40be-8966-731e0d6adfbb');
INSERT INTO records (_id, date, hours, minutes, seconds, day, month, year, note_title, note_text, category, upd_time, guid) VALUES (24, 985784423721, NULL, NULL, NULL, NULL, NULL, NULL, 'အိပ်မက်မိတ္တူ', 'ညဉ့်ဦးယံက
မိုးသောက်ယံရောက်ဖို့
သန်းကောင်ယံထဲ
ဖြတ်အလာ
ဝိုးတဝါး
အတိတ်တစ္ဆေ
ခြောက်လှန့်နေလို့
နာရီသံတွေ
တီးတိုးငိုလျက်
ညဉ့်နက်ထဲမှာ
အိပ်မက်ကမ္ဘာက
ကိုယ်လန့်နိုးရင်
မင်းလေးအကြောင်းပဲ
ကိုယ်တွေးမိတယ်
အိပ်မက်လေးခဗျာ
အားငယ်နေရှာတယ်။   ။', 'Poem', 1362102151398, '776774a3-9651-4a27-b18c-5bb831803126');
INSERT INTO records (_id, date, hours, minutes, seconds, day, month, year, note_title, note_text, category, upd_time, guid) VALUES (25, 988462823721, NULL, NULL, NULL, NULL, NULL, NULL, 'အာရုံ', 'အာရုံရထား
အကြင်နာအားနဲ့
သယ်ဆောင်ရာလိုက်ခဲ့
တွယ်ရာမဲ့ ဟင်းလင်းပြင်ထဲ
သက်တံရောင်စုံနဲ့
ယှဉ်တွဲရင်း
အလင်းရောင်ကို လိုက်လို့ရှာ
အချစ်ကမ္ဘာက ဘယ်ဆီများ
ရောက်နေပါလိမ့်မလဲ။

တွယ်တာခြင်း စစ်ပွဲကို
တစ်ကြိမ်သာနွှဲမိ
ဒဏ်ရာအတိနဲ့
ကံကြမ္မာတံဖျာအောက်
လူးလိမ့်ခံရင်း
မျော်လင့်ခြင်းတို့
ပျောက်ခဲ့ပြီပဲ။   ။', 'Poem', 1362102168339, '8eae090e-480e-4d1b-9b58-729b7b137e8e');
INSERT INTO records (_id, date, hours, minutes, seconds, day, month, year, note_title, note_text, category, upd_time, guid) VALUES (26, 988462823721, NULL, NULL, NULL, NULL, NULL, NULL, 'မိတ္တ', 'ရေသီတာ
သောင်ကမ်း
ကျောက်ဆောင်တန်းတို့
အကြောင်းဆက်သွယ်
ခင်တွယ်လာမှ
ဘယ်ဘဝရေစက်
အသိခက်၏။

သတိရစရာ
ဖြစ်လာပါမှ
အလွမ်းကမ္ဘာ
ပို့သူပါဟု
အဖြစ်မဆိုသင့်ပါ။

ကြမ္မာကံပေး
အနေဝေးရင်
မမေ့ချင်ပါနဲ့
သူငယ်ချင်းရယ်။   ။', 'Poem', 1362102181887, '3b0138a8-e9a5-48b7-9ca5-91ac78889aeb');
INSERT INTO records (_id, date, hours, minutes, seconds, day, month, year, note_title, note_text, category, upd_time, guid) VALUES (27, 988549223721, NULL, NULL, NULL, NULL, NULL, NULL, 'အပူဒဏ်', 'ရင်ထဲက နှလုံးသား
ဘယ်သူခိုးယူသွားလဲ
ကြင်နာခြင်းနဲ့ လဲမှာလား
ရင်မှာတော့ နာကျဉ်ခံစား
ကြေကွဲ နေရမှာလား။

မိန်းကလေးရေ
ကိုယ့်မှာခံစား
ဝေခွဲမရ
ကြေကွဲရရင်
မင်းပျော်မှာလား။

မိန်းကလေးရေ
ရာသီအပူ
ကိုယ့်အပူ
ဘယ်သူယှဉ်လို့ နိုင်မှာလဲ
မကြင်နာချင်လို့ ခွဲရင်
ကိုယ့်အသွင်ကို မြင်လှဲ့ပါ။   ။', 'Poem', 1362102201719, '9c25784c-d948-4d1b-9a30-1686deb21252');
INSERT INTO records (_id, date, hours, minutes, seconds, day, month, year, note_title, note_text, category, upd_time, guid) VALUES (28, 988808423721, NULL, NULL, NULL, NULL, NULL, NULL, 'မျက်ရည်မိုး', 'သမုဒ်ပြင်ကျယ်
တိမ်လွှာငယ်နဲ့
ဆုံတွေ့ခဲ့ရင်
မိုးရေစက်သွင်
ငိုချင်ပါရဲ့။

တိမ်လွှာကလေး
မျက်ရည်မိုးစွေတာ
ပင်လယ်ပြာက
ရေစင်ဖြာလို့တဲ့
ပင်လယ်ပြာမှာတော့
မျက်ရည်စက်မှာ
ရင်နဲ့အမျှရှိရပါရှင့်။

အလွမ်းတစ်စနဲ့
နွမ်းလျနေတဲ့
ကိုယ့်ရဲ့အဖြစ်
အသူသိလိမ့်ထင့်။   ။', 'Poem', 1362102226274, '679e196e-f534-4d7b-8b4a-73c9c5499614');
INSERT INTO records (_id, date, hours, minutes, seconds, day, month, year, note_title, note_text, category, upd_time, guid) VALUES (29, 989326823721, NULL, NULL, NULL, NULL, NULL, NULL, 'ပန်းနွယ်', 'ပန်းကလေးရယ်
ဘယ်ဆီများ ရောက်နေလဲကွယ်
လစန္ဒာတိမ်ကွယ်လို့
လချစ်သူ ကုမုန္ဒြာမှာ
နွမ်းလျရရှာတယ်။

ပန်းကလေးရယ်
ဝေးလှချေလားကွယ်
ဆောင်းပန်းဆောင်းနွယ်ကြား
ခိုဝင်နားတဲ့
ပင်ယံမြင့်စံ ဝေးခေါင်ယံက
ပန်းသဇင်နှယ်
လှမ်းသူအားငယ်
မျှော်လေတိုင်းဝေးတယ်။

ပန်းကလေးရယ်
တစ်နှစ်တစ်ခါသာပွင့်တဲ့
ပိတောက်ဝါလည်း မဖြစ်နဲ့ကွယ်။   ။', 'Poem', 1362102248225, 'cf8e5f54-a501-4bae-a8a3-2441338a7240');
INSERT INTO records (_id, date, hours, minutes, seconds, day, month, year, note_title, note_text, category, upd_time, guid) VALUES (30, 989067623721, NULL, NULL, NULL, NULL, NULL, NULL, 'ပင်လယ်ကြမ္မာ', 'အိပ်မက်ကလေးကြား
အလွမ်းမရှားတော့
လမ်းများပျောက်ခဲ့
စခန်းထောက်မယ့်အရပ်
ပင်ပန်းခြောက်ကပ်ဆဲပါ။

ခက်ခဲရှုပ်မော
လမ်းရှာရင်းမျောမယ့်
ကျယ်ပြောတဲ့ပင်လယ်ပြာ
နာဝါငယ်နဲ့ လှော်ခဲ့မယ်
ခိုဝင်ရာကျွန်းငယ်လေး
နွေးထွေးမှုနဲ့ ကြိုလှဲ့ပါ။

အမြင်နီးနီး အလှမ်းဝေးဝေး
ကျွန်းကလေး…
အပြောကျယ်ကျယ်
လှိုင်းလေသယ်ဖျက်
အသွားခက်တယ်ကွယ်။   ။', 'Poem', 1362102263978, '820f904d-ea2a-45c4-afcd-6d9d98bd1b73');
INSERT INTO records (_id, date, hours, minutes, seconds, day, month, year, note_title, note_text, category, upd_time, guid) VALUES (31, 989067623721, NULL, NULL, NULL, NULL, NULL, NULL, 'သူကလေး', 'ချစ်သူသွင်ပြင်
ထင်ရှားအောင်ဖွဲ့
မနိုင်ခဲ့ပါ
ဣန္ဒြေသာပို
သိမ်မွေ့ကိုယ်မယ်
နုနယ်ပျိုမျစ်
လှသစ်ဆစ်သွင်
ဇမ္ဗူရစ်ဦး
ရွှေရည်လူးသို့
ပြည့်ဖူးမပို
အလှစုကိုယ်
ပြုံးစပိုလှစ်
မျက်ပုရစ်စင်
လွင်လွင်ထင်မူ
အကြင်သူမှာ
ရူးရရှာထင့်။   ။', 'Poem', 1362102279969, '4499b105-a97c-412b-840c-1a9ed4021183');
INSERT INTO records (_id, date, hours, minutes, seconds, day, month, year, note_title, note_text, category, upd_time, guid) VALUES (32, 991832423721, NULL, NULL, NULL, NULL, NULL, NULL, 'အကြည့်', 'အပြုံးလှလှနဲ့
မျက်နှာနုနုကလေး
အကြည့်စူးစူးက
ရင်ကိုမွမွခွဲသွား
အချစ်များများ သူ့အတွက်
သိုဝှက်ထားတဲ့ အသည်းက
ခံစားရင်းငိုနေမှ
မျက်ရည်တွေ ကုန်ခဲ့ရ။

ဖွေးဖွေးနုနယ်
ငယ်တဲ့မိန်းကလေးရယ်
မင်းလေးရင်ထဲမှာ
အချစ်ရှိရဲ့လား
မစိမ်းကားပါနဲ့
ရက်စက်ဖဲ့ခြွေ
အသက်သေလောက်အောင်
စိမ်းစိမ်းမကြည့်ပါနဲ့။   ။', 'Poem', 1362102298995, '1a151daa-c12e-4681-9331-ba96a54b2986');
INSERT INTO records (_id, date, hours, minutes, seconds, day, month, year, note_title, note_text, category, upd_time, guid) VALUES (33, 992437223721, NULL, NULL, NULL, NULL, NULL, NULL, 'ဝင်္ကဘာလမ်း', 'လမ်းတစ်လျောက်
မှားမလျောက်ခဲ့ပါဘု
လမ်းပျောက်လုလုကြုံမှ
စခမ်းထောက်မရ
မှန်းလျောက်ရမှာပါ
ဤဝင်္ဂဘာ
လမ်းလည်ရှာမောပေါ့
အစောတလျင် သွားမှဖြင့်
ရမ်းဆချက် မှားလိမ့်ထင့်
ထွက်သင့်ချိန် မရောက်သ၍
ဝဲလည်ကာမျော
ကြမ္မာတောမဟာမှာ
ရပ်မနိုင်ဖယ်ခွာမရ
ချစ်ဝင်္ဂဘာ အလွမ်းသာပြ
ကံပြုတိုင်း ခံရမှာ
ဝင်တိုးသူ ကိုယ့်အပြစ်ပါ။   ။', 'Poem', 1362102318305, '84b7b793-b91c-4dfb-af95-eb9f2efee058');
INSERT INTO records (_id, date, hours, minutes, seconds, day, month, year, note_title, note_text, category, upd_time, guid) VALUES (34, 992782823721, NULL, NULL, NULL, NULL, NULL, NULL, 'ရှောင်ခြင်းရဲ့အရှုံး', 'မိုးလင်းချိန် နေရောင်ကလေး
သူရှောင်ပြေးတဲ့နေ့မှာ မှုန်ပြပြ
အလွမ်းညရဲ့ နံနက်မလှပ။

သာယာတဲ့ မနက် သူရှိရက်က
လန်းဆန်းနေ့နဲ့ နွေးထွေးည။

နှလုံးသားတစ်စုံ အလွမ်းပုံကြား
ကြင်နာအားနွဲ့ အချစ်မဲ့လား
စိတ်တင်းထားလည်း မေ့မရ
မျက်ဝန်းအစုံကတမ်းတ
မတွေ့သင့်မှ အချစ်ဖြတ်မရ။

အရှုံးပေးဖို့ ကျိုးစားရင်း
ဘဝနှင်းလို့ စိတ်ကိုအပ်
ရှုးမတတ်ခံစားမိလည်း
မင်းလေးမသိဘဲ ပေးဆပ်
ဝေသနာနှိပ်စက်အပ်တဲ့ အသည်းနဲ့
မျှော်လင့်ချက်ကရပ်မရ။   ။', 'Poem', 1362102337915, 'af38ccad-e12e-4900-bde5-9206509fc196');
INSERT INTO records (_id, date, hours, minutes, seconds, day, month, year, note_title, note_text, category, upd_time, guid) VALUES (35, 993906023721, NULL, NULL, NULL, NULL, NULL, NULL, 'ပျံလွှားငှက်ငယ်', 'ပျံလွှားငှက်ငယ်ပြေးရာ
ခြေရာလိုက် ရှာမိသူ
ကန္တာရသဲပူကြား မဟုတ်လည်း
ကျောက်ဆောင်ကမ်းပါး
တောင်တန်းများဆီးတားလို့
သွေးခဲမတတ် နှလုံးရပ်မျှ
ဇောကပ်လို့လိုက်ရှာ
အရှုံးသာပိုက် ပြန်ရမှာလား။

ပျံလွှားငှက်ငယ်ရယ်
စာနာလှည့်ပါ
ရင်မှာသယ်ခဲ့တဲ့
အချစ်ရဲ့ဝေသနာတွေ
ပင်လယ်ပြာငယ်စေပါမှ
တွယ်တာတာတွေ သိစေဖို့
ရင်ထဲကစကားသံတွေ
ကြားနာလှည့်ပါလား။   ။', 'Poem', 1362102359021, '109efa8c-e3e7-4336-b16b-a8828ba5e247');
INSERT INTO records (_id, date, hours, minutes, seconds, day, month, year, note_title, note_text, category, upd_time, guid) VALUES (36, 994251623721, NULL, NULL, NULL, NULL, NULL, NULL, 'တစ်ခါချစ်ခွင့်', 'မိုးရေစက်တွေ
ကုန်ဆုံးသွားခဲ့လေလည်း
ရင်ခွင်ထဲက
သွေးမျက်ရည်တား
အကြင်နာစကားသံကို
အတူတူလို ဆိုညည်းရင်း
ဟင်းလင်းပြင်တိမ်စိုင်ထဲ
လက်ချင်းတွဲလို့လျောက်ချင်ခဲ့။

တိုးလေခက်နေ
တူမျှပေသည့်
ရင်တွင်းရှိအချစ်
အတူလှစ်လို့
ခံစားရက်များ
ကွယ်ပျောက်သွားအောင်
အသည်းနှောင်ကြိုး
မကွယ်ရှိုးပါနဲ့။   ။', 'Poem', 1362102376889, 'd2c3c7d5-f9bc-4cb4-a576-86b5dac40d74');
INSERT INTO records (_id, date, hours, minutes, seconds, day, month, year, note_title, note_text, category, upd_time, guid) VALUES (37, 995547623721, NULL, NULL, NULL, NULL, NULL, NULL, 'ရထား (အချစ်)', 'အစဘူတာ “မသိပါ” တဲ့
ထင်ရှားမသိခင်
နောက်ဘူတာဝင်ခဲ့။

ဒီဘူတာက “တွေ့ဆုံရ” တဲ့
တွေ့ရဆုံရ တစ်ကြိမ်မက
မရေရာသမျှ သေချာလာရ
သူ့ကိုမြင်မှ ရထားကဘာလဲ
အချစ်ရထားတဲ့။

နောက်တစ်ဘူတာရောက်တော့
“အချစ်ရွာ” တဲ့
ခရီးဆုံးပြီမထင်ပါနဲ့ ဒါအစတဲ့
အချစ်ရဲ့ရထား စည်ကားလာတာ
သည်ဘူတာရောက်မှပါ။

ဆက်လက်ခုတ်မောင်း
မပြောင်းလဲတဲ့ လမ်းကြောင်းနဲ့
နောက်ဆိုက်တဲ့ဘူတာ
“စိတ်ကူးယဉ်ကမ္ဘာ” တဲ့။

သည်ဘူတာက လက်တွေ့ဘဝနဲ့
ခြားနားခဲ့တာ မသိပါဘဲ
ရထားဆွဲရာ လိုက်ပါခဲ့ရ
“တမ်းတတ တ” တဲ့
မှန်းဆမရ အဖြစ်နဲ့
သည်မှာ ဝင်ဆိုက်ခဲ့။

“မေ့မရ” ဘူတာ ဝင်ဆိုက်လာလဲ
အချစ်နှင်းပွဲ ရောက်ခဲ့လှလို့
မျက်လုံးချင်းဆုံ ရင်ခုန်ရုံလွဲလို့
နှဖူးဆံစ နမ်းရှိုက်ခွင့်မရ
အဝေးကသာ ချစ်မဝသာခဲ့။

နောက်တစ်ဘူတာက…
“ကြင်နာရင်ခွင်” ဖြစ်ချင်လှ၏။   ။', 'Poem', 1362102397886, '698b8b2b-f718-48c6-a621-397b290d4a7a');
INSERT INTO records (_id, date, hours, minutes, seconds, day, month, year, note_title, note_text, category, upd_time, guid) VALUES (38, 995547623721, NULL, NULL, NULL, NULL, NULL, NULL, 'မြက်မြေဇာ', 'မြက်ခင်းပေါ်က ကလေးရယ်
ကလေးရဲ့ရင် ကြည်နူးရွှင်ဖို့
အကြင်နာ မိုးရေတို့
စွတ်ဖြန်းစို့ ခိုတွယ်တဲ့
မြက်ပင်ငယ်က ဆောင်ရွက်ပေးပါ့မယ်။

မြက်ခင်းပေါ်က ကလေးရယ်
ကလေးအပျော်လွန်
လှဲဝင်ခိုလည်း ကြင်နာအနမ်းနဲ့
နှစ်သိမ့်ထွေးပါ့မယ်။

မြက်ခင်းပေါ်က ကလေးရယ်
သည်မြက်နုက မကောင်းပါဟု
ခြေဖဝါးနုနု ဆောင့်နင်းပြုလည်း
ပန်းလေးပမာ သူမနာအောင်ခံပါ့မယ်။

မြက်ခင်းပေါ်က ကလေးရယ်
သည်မြက်ပင်တွေ ရှုပ်လေတယ်လို့
နှုတ်ဖယ်တူးဖျက် မရက်စက်ပါနဲ့ကွယ်။   ။', 'Poem', 1362102416140, 'e03c1176-192b-4da7-a9e4-ecd1feeb856c');
INSERT INTO records (_id, date, hours, minutes, seconds, day, month, year, note_title, note_text, category, upd_time, guid) VALUES (39, 1004446823721, NULL, NULL, NULL, NULL, NULL, NULL, 'သူ၏', 'ဆံနွယ်ယဉ်မရိုင်း လှချင်တိုင်းလှ
မျက်သစ်စ နုငယ်ငယ်မှာ
အလှရှာသူရင်မောအောင်
ညို့ဆောင်တတ်တဲ့အပြုံးနဲ့
သူရစ်နှောင်ဖွဲ့။

နှုပ်ခမ်းပါးတွန့်ကာမဲ့
မရိုင်းပါတဲ့ သွင်ပြင်မှာ
အချစ်ဝင်လာအောင်နှောင်ဖွဲ့
ရင်ခွင်အသည်းထဲ ခိုဝင်ခဲ့။

နုရွရွပါးပြင်မှာ
မျက်ရည်စရေးရေးထင်တော့
ကိုယ်လည်းငိုချင်ခဲ့ပေါ့။

ကိုယ့်ရဲ့ချစ်ရတဲ့သူရယ်
အချစ်တေးနဲ့ ကိုယ့်ဘဝကို
ပြောင်းလဲပေးပါကွယ်
အလွမ်းနယ်ထဲတော့ ဆွဲမသွင်းပါနဲ့။   ။', 'Poem', 1362102451125, '52c669bc-2fb0-4a8d-9cf7-cec79883de63');
INSERT INTO records (_id, date, hours, minutes, seconds, day, month, year, note_title, note_text, category, upd_time, guid) VALUES (40, 1015160423721, NULL, NULL, NULL, NULL, NULL, NULL, 'ဟန်နွဲ့', 'ရင်ထဲကစကားလုံး
ဖွင့်ဟဆိုသလို
ပြုံးတုံတုံဟန်ပို
လွမ်းရိပ်ကိုလျိုဝှက်
သူကြည့်ချက်က
ရင်ကိုလွှလွှမွှန်းလေသလား။

နှုတ်ခမ်းပါးအလွှာစုံက
ဖွင့်ဟလို့မရဟန်
အသံတို့ရဲ့အင်အားနဲ့
ပြုံးမဲ့မဲ့နေခဲ့တယ်။

မှိုင်းညို့ညို့မျက်ဝန်းမှာ
လွမ်းရောင်တွေသွန်းကာဖွဲ့
ရမ်းမျှော်ဟန်အကြည့်ညို့ညို့
ဘယ်လိုပင်မြင်မြင်မိ
ရင်မချိအောင်ပြုချက်နဲ့
လှရက်တဲ့ချစ်သူရယ်။   ။', 'Poem', 1362102470865, 'b0259744-3efa-4cb4-a5f4-2a00de56ea22');
INSERT INTO records (_id, date, hours, minutes, seconds, day, month, year, note_title, note_text, category, upd_time, guid) VALUES (41, 1016542823721, NULL, NULL, NULL, NULL, NULL, NULL, 'လေမတိုးအောင်', 'ခဏသာခွဲရမှ
တစ်လကြာတွေ့ခဲ့ရက်
တစ်ညတာ အနမ်းရဲ့စနက်
နှိပ်စက်ခဲ့ ကိုယ့်ရင်ကို
မူပိုသလို မထင်ပါနဲ့
သူဆိုတာတွေ ရင်မှာဖွဲ့တော့
ဘယ်တော့မှ မခွဲတမ်းနီး
ရှုမငြီးတဲ့ အလှရှင်
ရင်ခွင်မှာခိုဝင်သူလေး
အမြဲထွေးပိုက်
အလွမ်းစိုက် ဒိုင်ယာရီဖျက်
အချစ်ရက်စွဲ နာရီတိုး
သူမ ညိုးအောင်အနမ်းစက်
ပန်းနုရောင် နှုတ်ခမ်းလွှာ
ပြုံးရောင်သာ စွန်းစေတော့
မပျောက်ဖို့ ရင်ကိုရင်းမယ်။   ။', 'Poem', 1362102488542, '6ea53340-2b00-449a-9740-42f759badbaf');
INSERT INTO records (_id, date, hours, minutes, seconds, day, month, year, note_title, note_text, category, upd_time, guid) VALUES (42, 1019566823721, NULL, NULL, NULL, NULL, NULL, NULL, 'လွမ်းည', 'အလွမ်းတစ်ည
မင်းမသိတဲ့ကာလ
မင်းမရှိတဲ့ဘဝ
ဘယ်မှာမှရှာမရတဲ့ ပျော်စရာ
ဝေးကွာနေတဲ့ ခဏမှာ
အလွမ်းတစ်ရာ
စာတစ်ခု
ဖွဲ့ပြုဆိုလည်း
မပြေပျောက်ပါဘဲ
တမ်းတလို့နေဆဲခါ။

သည်အလွမ်းက ဘယ်လောက်ကြာ
ဝေးကွာတဲ့ ကာလမှာ
ဘယ်အခါ ရှောင်ခွာတိမ်း
အနေစိမ်းမှာလည်း
အချစ်သိမ်းလို့
မျက်ရည်စို့ရက် မလိုချင်ပါ။   ။', 'Poem', 1362102511368, 'cc0ede47-0e1b-4272-8231-5c9e91e5a656');
INSERT INTO records (_id, date, hours, minutes, seconds, day, month, year, note_title, note_text, category, upd_time, guid) VALUES (43, 1019566823721, NULL, NULL, NULL, NULL, NULL, NULL, 'အချစ်ဆိုသည်မှာ', 'ချစ်အဓိပ္ပာယ်စာဖွဲ့
မပီနိုင်ခဲ့ပါ။

အချစ်ကအဖြေမရှိ
ပြဿနာအတိနဲ့
အလွမ်းရဲ့ စနက်ကြောင့်
မှန်းဆခက် ဆုံချင်လျက်
အချစ်ရဲ့အဝေး
ခွာပြေးရမလား
အဖြေရှာမရခင်စပ်ကြား
ပိုးဖလံလို တိုးရမှာလား။

အဝေးက လမင်းသာလို
လှနေလည်း ချိုင့်ကွဲအပြည့်
ရှိနေနှင့်တော့
ဆွတ်ယူလို့ ချူလှမ်းလျင်
နွမ်းလျမယ့်ဖြစ်အင်
မလွမ်းချင်လင့်။   ။', 'Poem', 1362102528141, '6354bb35-9539-42d6-96fa-eec216e560d1');
INSERT INTO records (_id, date, hours, minutes, seconds, day, month, year, note_title, note_text, category, upd_time, guid) VALUES (44, 1019998823721, NULL, NULL, NULL, NULL, NULL, NULL, 'နောက်မဆုတ်ကြေး', 'စိတ်မပျက်ပါနဲ့
အားလုံးကိုရင်ဆိုင်
ချစ်ပန်းတိုင်ကို
အတူတူခိုင်အောင် စိုက်လို့
လျောက်ကြစို့ တို့နှစ်ဦး
နေပူတုန်းခဏပဲ
အရိပ်ထဲမှာ တစ်ဘဝတွဲဖို့
မျှော်လင့်ချက်တို့ မပြည့်ခင်
ဖြစ်ချင်တာတွေ ဖန်တီးဖို့
ဖြစ်တတ်တာတွေ ရင်ဆိုင်ရင်း
တို့နှစ်ဦး ရင်တွင်းကအချစ်များ
ခွန်အားအလား သစ္စာထား
ရည်ရွယ်ချက်များ မပျောက်အောင်
သံယောဇာဉ်နှောင်ကြိုး တစ်ရစ်တိုး
အကောင်းအဆိုး အတူမျှခံ
စေတနာမှန်ရင် အောင်မြင်မှာပါ အချစ်ရယ်။   ။', 'Poem', 1362102544629, '4ac9fd6f-b17f-46e1-b7bb-3da6033ef6aa');
INSERT INTO records (_id, date, hours, minutes, seconds, day, month, year, note_title, note_text, category, upd_time, guid) VALUES (45, 1020344423721, NULL, NULL, NULL, NULL, NULL, NULL, 'အချစ်နဲ့စစ်', 'တစ်ယောက်ရှုံး တစ်ယောက်တက်
တစ်ယောက်ကအလွမ်း
တစ်ယောက်က အကြင်နာလွှမ်း
ဘယ်ကမ်းဘယ်သောင် ဘယ်ထိအောင်များ
အချစ်ရဲ့ စစ်ပွဲကြားမှာ
နှလုံးသားများ စတေးကြလို့
မျှော်လင့်ခြင်းတို့ ပျက်ချင်ပျက်
ဒဏ်ရာချက်နဲ့ စစ်ခင်း
ဘဝကိုရင်းပြီး
အရက်ပုလင်းထဲ နှစ်သူနှစ်
ပျော်ရွှင်ခြင်း အပြည့်နဲ့ ဘဝကိုလျောက်
အလွမ်းပျောက်အောင်နိုင်သူတို့
တစ်ဘဝခွဲဖို့မရှိ
သစ္စာအတိနဲ့ လျောက်သူလျောက်
သံသရာတည် သရွေ့မဆုံးတဲ့
အချစ်စစ်ပွဲက ဘာလဲမသိ။   ။', 'Poem', 1362102559950, 'b1c9d768-93c7-4def-86a4-3a0b6a56c94f');
INSERT INTO records (_id, date, hours, minutes, seconds, day, month, year, note_title, note_text, category, upd_time, guid) VALUES (46, 1020344423721, NULL, NULL, NULL, NULL, NULL, NULL, 'လဝန်းရှင်', 'အလင်းရောင် လဝန်းရှင်
အကြင်နာ ရေစင်ပက်ဖြန်းလို့
ခြောက်သွေ့နေတဲ့ ကိုယ့်ဘဝကို
သာယာ စိုပြေဖွဲ့
အချစ်ရဲ့ပဲ့တင်သံ
ပျော်ရွှင်စရာ သူဖန်ဆင်းခဲ့။

အလင်းရောင် လဝန်းရှင်
အပြုံးစင်ကြယ် မျက်ဝန်းလည်က
တွယ်တာရိပ်နှောင်ဖွဲ့
ဖန်သားပုလဲလို လင်းလက်ခဲ့။

အလင်းရောင် လဝန်းရှင်
ဖြူစင်တဲ့ နှလုံးသားရှိ
သူ့ကတိက တစ်ဘဝအတွက်တဲ့
ယုံကြည်မှုနဲ့ ကိုယ်အသက်ရှင်
လောကအပြင် တစ်ဘက်ဆုံး
အချစ်ဆုံးနဲ့ နှစ်ယောက်ထဲ နေချင်ခဲ့။   ။', 'Poem', 1362102579113, '5152b79b-2bae-4779-a181-e4be6904116a');
INSERT INTO records (_id, date, hours, minutes, seconds, day, month, year, note_title, note_text, category, upd_time, guid) VALUES (47, 1020344423721, NULL, NULL, NULL, NULL, NULL, NULL, 'ဘဝကျောင်း', 'အချစ်တစ်ကြောင်း
အလွမ်းတစ်ဖွဲ့
အသက်က ငယ်သနဲ့
အမှားနဲ့ ဆုံရတယ်။

သိပ်ချစ်တတ်တဲ့ နှလုံးသားနဲ့
အချစ်ဇွဲကြီး ယုံမှတ်ပြီး
အချစ်ရဲ့ကျေးကျွန်
ဘဝကိုသွန်အပ်တော့
မှားပြန်ပေါ့ ရှုံးရတယ်။

အကြင်နာတွေ အရင်းပြု
အကြင်နာတစ်ခု ပြန်ရမယ်
မျှော်လင့်ရင်း စောင့်ခဲ့လည်း
အမှားနဲ့ပဲ ကြုံရတယ်။

မကျေညက် အချစ်စာမျက်နှာ
ရင်ကိုနာအောင် ဒဏ်ရာပေးမှာ
ဘဝကျောင်းရဲ့ သင်ခန်းစာပဲကွယ်။   ။', 'Poem', 1362102595915, 'ca34c673-7e8d-4364-9452-db697c234d56');
INSERT INTO records (_id, date, hours, minutes, seconds, day, month, year, note_title, note_text, category, upd_time, guid) VALUES (48, 1011877223721, NULL, NULL, NULL, NULL, NULL, NULL, 'တစ်၏', 'တစ်ရက်က အချစ်
တစ်ရက်က အလွမ်း
တစ်ရက်က အကြင်နာ
တစ်ရက်က ဝေသနာ
တစ်ရက်က အနီးမှာ
တစ်ရက်က ဝေးကွာ
တစ်ရက်က ရောင်စဉ်ဖြာ
တစ်ရက်က မှုန်မှိုင်းရီဝေတာ။

အတိတ်မှာ အချစ်ဖွဲ့
ပစ္စုပ္ပန်မှာ အလွမ်းနဲ့
အနာဂတ်က အဓိပ္ပာယ်မဲ့။

တစ်ချိန်မှာ တွေ့ဆုံ
တစ်ချိန်မှာ ခင်မင်လို့
တစ်ချိန်မှာ သူမုန်းသွားတော့
အခုချိန်မှာ ရင်နာစရာဖြစ်ခဲ့ပေါ့။   ။', 'Poem', 1362102618999, '0091f2cf-cc5f-4f30-8de4-dd2fd5e8d7e4');
INSERT INTO records (_id, date, hours, minutes, seconds, day, month, year, note_title, note_text, category, upd_time, guid) VALUES (49, 1015333223721, NULL, NULL, NULL, NULL, NULL, NULL, 'တလင်း', 'မလှပတဲ့ လောကကြီးမှာ
ဘယ်လို ဘဝကို ဖြတ်ရမလဲ
ကြံစည်မတတ်တော့
အမှားအယွင်းတွေ
ဖန်တီးခဲ့မိပေါ့။

နှစ်သိမ့်စွာ နားလည်သူကင်း
မစာနာနင်းတဲ့ ကံကြမ္မာအောက်
ခံနိုင်ရည်ပျောက်တဲ့အသည်းနဲ့
ကူသိုလ်မဲ့ပျော်ရွှင်မှု
ဖန်တီးလို့ရယူတော့
သူတကာမေးငေါ့ကြပေါ့။

ဘယ်သူမှမသိတဲ့
ငါ့ရင်ထဲမှာ
ဖြူစင်မှုအပြည့်ရှိတာ
ဘယ်သူမြင်လို့ ကြင်နာမလဲ
မျှော်လင့်ရင်းလှမ်းလျောက်ဆဲ။   ။', 'Poem', 1362102665027, 'cff50e8d-59e5-468b-ae79-fe374f6167ca');
INSERT INTO records (_id, date, hours, minutes, seconds, day, month, year, note_title, note_text, category, upd_time, guid) VALUES (50, 1020430823721, NULL, NULL, NULL, NULL, NULL, NULL, 'ပစ်တိုင်းထောင်', 'ရင်ထဲမှာဘာတွေရှိ
မျိုသိပ်ရင်းနဲ့
ကာရန်နထ္ထိ
လှပခြင်းမရှိတဲ့
ခံစားချက် တစ်ချို့တစ်ဝက်
ဘယ်အချိန်မှာပျောက်ပျက်
ပျော်ရွှင်ခြင်းအလင်းရောက်
ဘဝခြောက်ခြောက် စိုပြေရင်
ဘယ်သူသာအနားမှာရှိမလဲ
တစ်ယောက်က မစာနာစိမ်း
တစ်ယောက်က မျှော်တိုင်းမယိမ်းရဲ
ပုံသေလိုရှိနေတဲ့ ကံကြမ္မာ
ဘယ်အချိန်မှာ ဘာဖြစ်ဖြစ်
ဘဝစစ်ပွဲမှာ
မရှုံးအောင်အနိုင်ကြဲ
မယိုင်လဲချင်ဘူးကွယ်။   ။', 'Poem', 1362102825567, 'ec9ae2ef-f5fd-4ffb-bac2-7a139b2a30a3');
INSERT INTO records (_id, date, hours, minutes, seconds, day, month, year, note_title, note_text, category, upd_time, guid) VALUES (51, 1022763623721, NULL, NULL, NULL, NULL, NULL, NULL, 'ဝေးသွားတော့', 'အကြင်နာများနဲ့
မေတ္တာထားချစ်ခဲ့မှ
အလွမ်းနဲ့ အဆုံးသတ်မှာလား
ခါးသီးလှတဲ့ အချိန်တွေကြား
မျှော်လင့်ချက်ထားပြီး
ဝေးကွာသွားတဲ့ ချစ်သူကို
သစ္စာဆိုအချစ်စစ်နဲ့
ပြန်ဆုံမယ့်ရင်ခွင်
ဘယ်ဆီနှင်ဘယ်ရောက်
တမ်းတချက်ဝေသနာအောက်
ချစ်ခဲ့ရက်ကို တွက်စစ်တော့
သုံးလကျော် လေးလချဉ်း
ရင်တွင်းမှာတော့ နာကျဉ်ရင်း
ဘဝတလင်းစစ်မြေမှာ
အချစ်အတွက်တိုက်ခိုက်ကာ
အတူတူနေရရက်ကို မျှော်နေခဲ့။   ။', 'Poem', 1362102867017, 'ca364fdb-8f23-4771-b0e3-95f015ddc5eb');
INSERT INTO records (_id, date, hours, minutes, seconds, day, month, year, note_title, note_text, category, upd_time, guid) VALUES (52, 1023368423721, NULL, NULL, NULL, NULL, NULL, NULL, 'အားအင်', 'အဝေးက ချစ်သူရေ
ဘဝတွေ ဘယ်လိုခြား
အချစ်များနဲ့ မျှော်နေမလား
ကြမ္မာရထားတစ်ကြော့လည်ရင်
ဆုံချင်ပါရဲ့။

အဝေးက ချစ်သူရေ
အကြင်နာတွေ ပျောက်လုလု
ရင်ခွင်တို့ လွမ်းနေချိန်
နေရောင်မှိန် ညနေချမ်း
လပြည့်ဝန်း တမ်းတလို့
ကြယ်တို့လို ငိုမိတယ်။

အဝေးက ချစ်သူရေ
ဖုံးကွယ်နေတဲ့ တိမ်စိုင်မဲ
အားခဲဖျောက်ဖို့အတွက်
မင်းရင်ထွက် သစ္စာရဲ့
ခွန်အားသာ ကိုယ်လိုတယ်ကွယ်။   ။', 'Poem', 1362102890083, '83243182-8c5c-4f0a-bdb1-5b623b21b7cb');
INSERT INTO records (_id, date, hours, minutes, seconds, day, month, year, note_title, note_text, category, upd_time, guid) VALUES (53, 1023368423721, NULL, NULL, NULL, NULL, NULL, NULL, 'မခွဲနဲ့', 'မိန်းကလေးတွေ အများကြီးထဲ
တစ်ယောက်ထဲပဲချစ်ခဲ့
ပျော်မယ်လို့ရည်မှန်းမှ
အလွမ်းနဲ့ လမ်းခွဲရ။

အချစ်တွေ အများကြီးနဲ့
သူ့ကိုပဲ ပုံအပ်လို့
လက်တွဲဖို့ ဆုံးဖြတ်မှ
နှောက်ယှက် ထပ်ဖျက်ကြ။

ကံကြမ္မာ စီစဉ်ပြီး
အနေနီးအောင် ဖန်ဆင်းလို့
အချစ်နှင်းပွဲနွှဲမှ
ခွဲရအောင် ဖန်ပြန်တယ်။

ကံကြမ္မာနဲ့ ဖျက်သူရယ်
တို့တောင်းပန်ပါတယ်
ပြန်ဆုံချင်တယ် ဘဝအတွက်
မခွဲရက်နိုင်ဘူးကွယ်။   ။', 'Poem', 1362102905398, '31d8cc96-a356-4ab8-a6a3-cc1b0228f96f');
INSERT INTO records (_id, date, hours, minutes, seconds, day, month, year, note_title, note_text, category, upd_time, guid) VALUES (54, 1023368423721, NULL, NULL, NULL, NULL, NULL, NULL, 'ခံစားရတော့', 'ကြင်နာသူရေ
သူများတစ်တွေ ချစ်ကြတာ
ပျော်စရာလား ထင်မိတယ်။

ကြင်နာသူရေ
သူများတစ်တွေ ချစ်တင်းနှောတာ
ကြည်နူးစရာလား ထင်မိတယ်။

ကြင်နာသူရေ
သူများတစ်တွေ လွမ်းကြတော့
အပိုပေါ့လို့ ထင်မိတယ်။

ကြင်နာသူရေ
တို့တစ်တွေ ခံစားရတော့
ရင်ကွဲလုပေါ့ ဝေသနာနဲ့
ပျော်စရာရက်တွေကို လွမ်းရင်း
ခံစားရခြင်းမဆုံးနိုင်
အချစ်ကဘဝကို ပိုင်တဲ့သူလို့
ယုံကြည်အရှုံးပေးခဲ့ရတယ်။   ။', 'Poem', 1362102928370, '371f9958-9b60-4260-8bab-96295570b796');
INSERT INTO records (_id, date, hours, minutes, seconds, day, month, year, note_title, note_text, category, upd_time, guid) VALUES (55, 1000818023721, NULL, NULL, NULL, NULL, NULL, NULL, 'နှောင်ဖွဲ့သောကြိုး', 'နှောင်ကြိုးတစ်ကြိုး
ရင်မှာတိုးရစ်
တွယ်ငြိအချစ်ရဲ့
ဖန်ဆင်းချက်ပေါ့။

အချစ်ကတစ်ဆင့်
နှောင်ကြိုးတစ်ဆစ်တိုး
သံယောဇာဉ်ကြိုးက
ဖြတ်မရအောင်
ခိုဝင်နှောင်ဖွဲ့လာ။

သည်ကြိုးရဲ့အားအင်
မျှော်လင့်ချက်မဲ့
လွမ်းရက်ချဲ့လဲ
လွမ်းကမ္ဘာထဲမှာ
တမ်းတဆဲပါ။

ဝိဉာဉ်ပျာက်တိုင်
မမေ့နိုင်ပါ။   ။', 'Poem', 1362102952558, 'a62efac6-c841-45b6-988b-cc41d64f5eb0');
INSERT INTO records (_id, date, hours, minutes, seconds, day, month, year, note_title, note_text, category, upd_time, guid) VALUES (56, 1007816423721, NULL, NULL, NULL, NULL, NULL, NULL, 'ရထား (နှစ် - အလွမ်း)', 'အချိန်တစ်ခုမှာ
ဆုံတွေ့မှုကများလာ
“ဆုံတွေ့ခြင်း”ဘူတာက
စတင်ထွက်ခွာခဲ့။

တရွေ့ရွေ့နှင့် စက်ရှိန်မြှင့်
ခရီးသည်တို့ ကျီစယ်ပျော်ပါးရင်း
“ခင်မင်ခြင်း”ဘူတာ ဝင်ဆိုက်လာခဲ့။

နှလုံးသားကဗျာ
မရေးခင်မှာဘဲ
“ဝေးကွာခြင်း”ဘူတာ
ခေတ္တဝင်လာခဲ့။

“ဝေးကွာခြင်း”မှာ ၃၆၀ကြာတော့
တစ်ဖန်ခရီးဆက်
“မျှော်လင့်ချက်”ဘူတာ ရောက်ခဲ့။

“မျှော်လင့်ချက်”ဘူတာမှာ
ထပ်ထပ်ဆုံလာတော့
နောက်ဘူတာ ခရီးဆက်
“သံယောဇာဉ်ဆက်”တဲ့။

“သံယောဇာဉ်ဆက်”မှ
အရှိန်ပြင်းပြင်း ရင်ခုန်ခြင်းနဲ့
ဂျုံးဂျပ်ဂျပ်သံစဉ်ဖွဲ့
ဆက်ထွက်ခဲ့တော့ နောက်ဘူတာက
“အချစ်”ပါတဲ့။

“အချစ်”ဘူတာအလွန်
“အသည်း”တံတားကို ဖြတ်ကျော်တော့
“ရင်”လမ်းဆုံရောက်ခဲ့ပေါ့။

“ရင်”လမ်းဆုံက လမ်းနှစ်သွယ်
ဘယ်လမ်းကို ဆက်မယ်မသိခင်
“ကြင်နာရင်ခွင်”ရဲ့ အခြားတစ်ဖက်
“အလွမ်းရက်စွဲ”ဘူတာမှာရပ်ခဲ့။

သည်ရထား ဆက်ထွက်လျှင်ဖြင့်…။   ။', 'Poem', 1362102980443, '9cc0725d-6bb8-438d-a71c-9b3b560214f4');
INSERT INTO records (_id, date, hours, minutes, seconds, day, month, year, note_title, note_text, category, upd_time, guid) VALUES (57, 1010322023721, NULL, NULL, NULL, NULL, NULL, NULL, 'တဒင်္ဂအချစ်', 'အမုန်းတစ်စက် အလွမ်းရက်
ချစ်လျက်ကွဲပျက်
ဝိဘက်ကငင် ကြမ္မာဆင်ခိုင်း
မရိုင်းပေမင့်တံတိုင်းခတ်
မျက်ဝန်းဝိုင်းက နှိပ်စက်ဖြတ်။

အချစ်ရက်မကြာ အလွမ်းနာဖွဲ့
မိုးနှင့်ပြိုင်ငို ငွေနှင်းယိုသီး
စမ်းရေစီးကာ မြစ်ပြင်စု
ပင်လယ်ပြု မျက်ရည်မိုး
ဘယ်လိုတိုးတိုး မစာနာငြိုးဖွဲ့
ဝေသနာပျိုးတဲ့ အသည်းဇာတ်။

မကြင်နာသူစိမ်းမှ
တွယ်တာသမျှ အနုတ်ပြ
ရက်စက်မှ ရင်နာရ
သံယောဇာဉ်က ဖြတ်မရ
ရှေ့ဆက်ချစ်လည်း မျှော်လင့်ခြင်း အဆုံးသတ်။  ။', 'Poem', 1362103001624, 'bfe08c46-1ded-40e4-8b2b-3e9b7829f5e1');
INSERT INTO records (_id, date, hours, minutes, seconds, day, month, year, note_title, note_text, category, upd_time, guid) VALUES (58, 1010926823721, NULL, NULL, NULL, NULL, NULL, NULL, 'ဝေသနာ', 'မှုန်မှိုင်းမှိုင်း ရည်ဝေဖွဲ့
လွမ်းမောစေနိုင်လျက်
အချစ်ရဲ့စနက်နဲ့
မှုန်ဝါးဝါး ဇာတ်လမ်းတစ်ပုဒ်
ရင်တွင်းက လှစ်ထုတ်ပြီး
ဖန်တီးမိခဲ့။

ရင်ခွင်လှိုင်းခတ် အဆုံးမသတ်ခင်
အသည်းနာစေချင်သူက
မမုန်းတတ်တဲ့ ချစ်သူရင်ကို
အလွမ်းတင်သ သံသယရဲ့ ခေါ်ရာလိုက်
အကြင်နာ ဆိပ်သုန်းစေတော့
သိပ်မုန်းတာပဲတဲ့။

ဒဏ်ရာဝေသနာ ထင်လာလည်း
နာကျဉ်ခြင်းမဲ့စွာ
အလွမ်းသာ စာဖွဲ့ခဲ့မိတာ
ဖဲ့ခွာသူကို မမုန်းသာခဲ့။   ။', 'Poem', 1362103019475, '3558752f-09fe-4c6f-9433-7add8cee8f7f');
INSERT INTO records (_id, date, hours, minutes, seconds, day, month, year, note_title, note_text, category, upd_time, guid) VALUES (59, 1010926823721, NULL, NULL, NULL, NULL, NULL, NULL, 'သူ့ကြောင့်', 'မုန်းတတ်သူရေ
ဝေသနာတွေ ဘယ်လိုပေးပေး
ရင်ကိုနွေးစေတဲ့ အချစ်နဲ့
အနမ်းတစ်စက် တင်ခဲ့ရက်ကို
ဘယ်လိုမေ့လို့ရမှာလဲကွယ်။

မုန်းတတ်သူရေ
နားလည်မှုလေးတွေ မတွေ့ခင်
သံယောဇာဉ်ဖြတ်
တဒင်္ဂအချစ်ဇာတ်လို့
သတ်မှတ်ဖို့ ကိုယ်မဝံ့ပါကွယ်။

မုန်းတတ်သူရေ
ဘယ်သူကစစ
ဘယ်သူ့ကြောင့်ဆုံးဆုံး
မမုန်းတတ်တဲ့ အသည်းနဲ့
ဆက်ချစ်ဖို့ကိုတော့
မျှော်လင့်လို့ ရဲခဲ့တယ်။

မုန်းတတ်သူရေ
အကြင်နာ မြစ်တစ်စင်း
ရင်ခွင်မှာနှင်းဖို့
နေ့ရက်တို့ ဘယ်လောက်ကြာကြာ
မမေ့နိုင်တာတွေ ပြန်တွေးရင်း
အလွမ်းခွင်းဖယ်မရလဲ
တမ်းတခြင်းနဲ့ပဲ
အဖော်ပြုပါရစေကွယ်။

မုန်းတတ်သူရေ
ဘဝဆုံးတိုင်
အချစ်ကို ပိုင်ဆိုင်ရန်
ပြန်ကြိုးစားခွင့် မရှိလည်း
နာကြည်းမှု အမုန်းစိတ်ကို
မဖွဲ့လိုပါ ချစ်သူရေ။   ။', 'Poem', 1362103042833, '29ae5b6f-d502-4d94-965c-4cc5ef8e0688');
INSERT INTO records (_id, date, hours, minutes, seconds, day, month, year, note_title, note_text, category, upd_time, guid) VALUES (60, 1011272423721, NULL, NULL, NULL, NULL, NULL, NULL, 'ပန်းငုံ', 'မညှာတာစိမ်း 
ကုမုဒြာကြာနွယ်က
သာနေတဲ့လမင်းကို 
မကြင်လိုသမှုနဲ့
ငုံနေရက်တယ်။

လမင်းခဗျာ
သာသာလင်းပေမယ့်
ပွင့်အာမယ် မမျှော်ရဲလို့
တိမ်ညိုတို့ကြား
ငုတ်ရှိုးပုန်းသွားရတယ်။

တစ်ခါက လန်းဆန်းဆန်း
ပွင့်လန်းဖူးလေတော့
စန္ဒာငွေလ သာတိုင်းလှမလားလို့
မပွင့်အာတဲ့ ပန်းကလေးကို
ဘယ်လို မြူချော့ရမယ်
လမင်းနှယ် မသိနိုင်ပါကွယ်။   ။', 'Poem', 1362103073933, 'c85cfa65-c27b-4d26-a363-a43cafc2bc08');
INSERT INTO records (_id, date, hours, minutes, seconds, day, month, year, note_title, note_text, category, upd_time, guid) VALUES (61, 1011272423721, NULL, NULL, NULL, NULL, NULL, NULL, 'သိပါစေ', 'သူသိနိုင်ပါစေ
ပျောက်ဆုံးသွားတဲ့ 
နေ့ရက်တွေမှာ
သူ့ကိုချစ်တဲ့ အချစ်သာ
မလွင့်ပါဘဲ ကိုယ့်ထံကျန်ခဲ့တယ်။

သူသိနိုင်ပါစေ
ပျော်စရာ အတိတ်ရက်တွေ
အခုတော့လွမ်းစရာ ဖြစ်နေလေတော့
မေ့မရတဲ့ အတွေးတွေနဲ့
ရင်နာစွာပဲ ကျော်ဖြတ်ခဲ့ရပြီ။

သူသိနိုင်ပါစေ
ကယ်သူမဲ့နေတဲ့ ကိုယ့်အဖြစ်ကို
စာနာပိုစွာ ဆက်ချစ်ပါလို့
တောင်းဆိုဖို့ မဝံ့လည်း
မျှော်လင့်ရင်းနဲ့ပဲ
ဆက်ချစ်နေမယ် ချစ်သူရေ။   ။', 'Poem', 1362103091012, '89ad7ae8-393b-4269-b4e0-76784520b701');
INSERT INTO records (_id, date, hours, minutes, seconds, day, month, year, note_title, note_text, category, upd_time, guid) VALUES (62, 1011272423721, NULL, NULL, NULL, NULL, NULL, NULL, 'ကြမ္မာပြု', 'ကံကြမ္မာရယ်
ဖန်တီးပေးပါ
အလွမ်းအဆွေးမပါနဲ့
တောင်းပန်လည်း စိတ်ရှိတိုင်းပြု
အသည်းနုနု မခံသာအောင်
အချစ်နှောင်ကြိုး ရစ်လွန်တိုးမှ
ရက်ရက်စက်စက်သုဖြတ်
အလွမ်းဇာတ်ကိုပေးခဲ့တယ်။

ကံကြမ္မာရယ်
ရှေ့လမ်းမမြင်
အကန်းတွင်တွင်ဖြစ်အောင်ပြုပြီး
ပြန်ချော့ကာနီးရန်ဖန်
သနားလေဟန်နဲ့
ဘယ်တော့ပြန်ရက်စက်မလဲ
တွေးမိတိုင်း မချိနိုင်လို့
ကြောက်စိတ်တို့ ဝင်မိတယ်။   ။', 'Poem', 1362103115117, '82ed252b-ec00-4c09-8488-0e403dcf1116');
INSERT INTO records (_id, date, hours, minutes, seconds, day, month, year, note_title, note_text, category, upd_time, guid) VALUES (63, 1023886823721, NULL, NULL, NULL, NULL, NULL, NULL, 'ရောင်စဉ်', 'အချစ်ရေ
အလွမ်းတွေနဲ့ စာဖွဲ့ရင်
သူ့ရင်မှာ ငိုချင်မှာစိုးလို့
အချစ်ကို အားကိုးပြီး
လွမ်းချင်းအစား 
မျှော်လင့်ခြင်းများရေးမယ်။

ကလေးရေ
အချိန်တွေ ဘယ်လိုပြောင်းပြောင်း
ရင်တွင်းအောင်းအချစ်က
မျှော်လင့်ခြင်းရောင်စဉ်များ
တောက်ပစွာ လင်းလက်ခဲ့
ဆုံရမယ့်ရက်ကို မျှော်နေဆဲပါ။

ချစ်သူရေ
ဘယ်လောက်ဝေးနေနေ
အတွေးတွေထဲမှာ
သူ့အနားသာ ရောက်နေခဲ့မယ်။   ။', 'Poem', 1362103133588, 'd5e90de6-8064-4cae-8d5d-d56ade41ac16');
INSERT INTO records (_id, date, hours, minutes, seconds, day, month, year, note_title, note_text, category, upd_time, guid) VALUES (64, 1023886823721, NULL, NULL, NULL, NULL, NULL, NULL, 'အနားမှာ', 'အချစ်နဲ့ဝေးကွာ
အနမ်းမဲ့ရက်စွဲမှာ
အလွမ်းသာခိုခဲ့လို့
ဝေသနာတို့ ငိုခဲ့တယ်။

အဖြစ်အပျက်ဟောင်းများ
အတိတ်ကဆွဲငင်ထား
အတွေးများနဲ့အဖော်ပြုမှ
ပျော်စရာကွယ်ပျောက်ခဲ့။

အကြင်နာပေးချင်လည်း
အခုချိန်မှာ ဝေးနေဆဲမို့
အမြန်ဆုံဆည်းဖို့ တောင်းတရင်း
ရင်တွင်းမှာ ထာဝစဉ်မျှော်လင့်ခဲ့။

အတူတူနေချင်တာ တစ်သက်လုံးမို့
အဖော်မဲ့တဲ့ အလွမ်းရက်မှာ
အသည်းနာနာငိုမိတော့
သူလာလို့ချော့ပါတော့ကွယ်။   ။', 'Poem', 1362103167698, '2d593ee6-bc65-45c2-871c-98c252c44b2d');
INSERT INTO records (_id, date, hours, minutes, seconds, day, month, year, note_title, note_text, category, upd_time, guid) VALUES (65, 1002546023721, NULL, NULL, NULL, NULL, NULL, NULL, 'လွမ်းမည်သည်', 'လွမ်းရမှာလား
တမ်းတနေတဲ့ အခါများမှာ
မှန်းဆလေတိုင်း ဝေးနေတော့
အမြဲသာပေါ့ လာချင်လည်း
ဘယ်ဆီနှင် ဘယ်စခန်း
လှမ်းကြွလေမှန်း မသိလို့
ဝေသနာတို့ကို ပိုက်ထွေး
မှိုင်တွေငေးဖို့ ဖြစ်ရပြီ။

လွမ်းရမှာလား
အလှမ်းမဝေးရာမှာ သူရှိလည်း
တံတိုင်းထူထဲ ကာရံခြားလို့
တွေ့ဖို့မတတ် ရင်ကိုဖြတ်တဲ့
အချစ်နဲ့မဆိုင် မပိုင်သူ့အတွက်
ချစ်ရက်ရှည်ခဲ့ပေမယ့်
ကြင်နာမည့်ရက် ရောက်ခဲ့လျက်
အခုတော့ဖြင့် အလွမ်းခက်။   ။', 'Poem', 1362103185553, '4867083c-af09-44f8-b296-78d09317576a');
INSERT INTO records (_id, date, hours, minutes, seconds, day, month, year, note_title, note_text, category, upd_time, guid) VALUES (66, 1024232423721, NULL, NULL, NULL, NULL, NULL, NULL, 'ငိုပွဲ', 'အချစ်ရဲ့အားအင်
ဝေသနာတင်တော့
ငိုမဲ့မဲ့လဝန်းမှာ
တိမ်လွာဖြူက ကာပေးတယ်။

ပန်းလေးငိုငို
မျက်ရည်စိုတော့
ရောင်စုံလိပ်ပြာလေး
ချော့ကာထွေးတယ်။

သူကလေးရဲ့မျက်ဝန်း
ရွှန်းလဲ့စိုငိုတော့
ကိုယ်ချော့လို့ပေးချင်လည်း
ဝေသနာယှဉ်တွဲ
တူနှစ်ကို ငိုပွဲဆင်မိမှာမို့
ချော့ဖို့မတတ်
ရင်ခွင်အပ်ထွေး
တိတ်တိတ်လေးနေမိတယ်။   ။', 'Poem', 1362248160223, '321e865a-5381-4d57-890a-0fc4a82fe1bd');
INSERT INTO records (_id, date, hours, minutes, seconds, day, month, year, note_title, note_text, category, upd_time, guid) VALUES (67, 1024232423721, NULL, NULL, NULL, NULL, NULL, NULL, 'ဆုံနိုင်ခွင့်', 'တစ်စတစ်စ အလွမ်းညများ
အင်အားမဲ့သွား အချိန်ကခါး
ဝေသနာအတိ ရင်မှာငိုမိတယ်။

အမြဲသတိရ
ဆုံခွင့်မရတဲ့ ချစ်သူကို
အလွမ်းပိုလို့ရှာနေလည်း
အိမ်မက်ထဲမှာပဲ
တွေ့ခွင့်ရှိတယ်။

နှင်းကခါး မိုးကရိုင်း
နွေလှိုင်းခတ်ရင်မှာပို
ဘယ်လိုပြောင်းပြောင်း
အချစ်ကြောင်းမသိ
မချိအောင် ကံကနှက်
ဘယ်ရက်မှာ ဆုံရမှာလဲ
အဝေးက ချစ်သူရယ်။   ။', 'Poem', 1362103224860, '5d3483e9-13c3-41cb-81ec-198303de16f5');
INSERT INTO records (_id, date, hours, minutes, seconds, day, month, year, note_title, note_text, category, upd_time, guid) VALUES (68, 1024405223721, NULL, NULL, NULL, NULL, NULL, NULL, 'လောကဓံ', 'ပန်ကြားပါရစေ
မြားနတ်မောင် စေစကား
ကံကြမ္မာကသိလား
စေတနာထားလို့ ဖြေပါ။

မုန်တိုင်းကဖွဲ့ဖွဲ့
ဘဝရဲ့ အချိန်တွေမှာ
စခမ်းထောက် နားခိုရာ
ရင်ခွင်မှာ ရှာမရပါ။

တစ်စတစ်စပျောက်ကွယ်
မျှော်လင့်ခြင်း ပျက်ပြယ်မှ
အနာဂတ် ရောင်ခြည်သာ
ဘယ်မှာနေခြည်ဖြာမလဲ။

အချစ်အမုန်း အပြံးအမဲ့
ကြင်နာခြင်းနဲ့ အလွမ်းသက်
ရှိရှိပျက်ပျက် အရှုံးနာတော့
အတိတ်သာ လွမ်းစရာပဲပေါ့။   ။', 'Poem', 1362103246469, '3a8af89c-b716-428b-86de-d01db0c4fa3b');
INSERT INTO records (_id, date, hours, minutes, seconds, day, month, year, note_title, note_text, category, upd_time, guid) VALUES (69, 997275623721, NULL, NULL, NULL, NULL, NULL, NULL, 'ဆုံပါတော့', 'တစ်သက်စာ ထာဝရ
သည်ရင်ခွင်မှာ ခိုလှုံရအောင်
အသည်းရင်ခွင်တံခါး
ဖွင့်လှစ်ထားလည်း
မင်းလေး လှမ်းဝင်ခဲလို့
မျက်ရည်စို့ ရှိုက်ခဲ့တာ
ကာလမတန် ကြာခဲ့ပြီ
အသည်းရဲ့ ဘဝ။

ချစ်ရတဲ့ ကလေးငယ်
လစ်ဟာတဲ့ ရင်ခွင်နယ်ထဲ
မဖိတ်ခေါ်ဘဲ မဝင်ပါဟု
အသည်းနုနုနဲ့ အားတင်း
ဟန်ဆောင်ရင်း ငြင်းတော့
တံခါးမရှိတဲ့ အသည်းမှာ
လေပွေလာဝှေ့ရင်း
လွမ်းချင်းနဲ့ ဖျားပေါ့။   ။', 'Poem', 1362103275058, 'd079ed5a-bf96-4e3f-9d81-97460716875c');
INSERT INTO records (_id, date, hours, minutes, seconds, day, month, year, note_title, note_text, category, upd_time, guid) VALUES (70, 1027515623721, NULL, NULL, NULL, NULL, NULL, NULL, 'မင်းမဲ့ည', 'မြို့ပြညတစ်ည
ရှတတနဲ့ ခံစား
တမာခါးခါးရှုံးခဲ့။

ကြယ်ကြွေတစ်ပွင့်
ဘယ်လွင့်ပျောက် ဘယ်ကမ္ဘာရောက်
အမှောက်မှောက် အမှားမှား
ဆုတောင်းများ လွင့်ပျောက်
ဘဝမှောက် ခဲ့ပြီ။

ယိုင်မလို နဲ့တဲ့တဲ့
သစ်ပင်အို ပဲ့ပဲ့မှာ
နားလာတဲ့ ငှက်တမာ
လွမ်းတေးမသာယာ
ဟစ်နေရှာခဲ့။

တိုက်တာအိမ်နန်း
ချောက်ခမ်းခမ်း မဲ့တဲ့တဲ့
သခင်မဲ့တဲ့ အလွမ်းရက်။   ။', 'Poem', 1362112495978, 'd6792cd7-65b2-42ae-82c3-7383bb7ab631');
INSERT INTO records (_id, date, hours, minutes, seconds, day, month, year, note_title, note_text, category, upd_time, guid) VALUES (71, 1027515623721, NULL, NULL, NULL, NULL, NULL, NULL, 'ရူး', 'ရူးရူးအချစ်ရူး
အချစ်တစ်ခု အတွက်ရူး
အသည်းမှူးစိတ်များ
ရောက်ရောက်ပေါက်ပေါက်
အချစ်နောက်လိုက်
မိုက်မလား ပိုက်မလား
အလွမ်းရဲ့သားကောင်လား။

ရူးရူး ဥစ္စာရူး
ငွေကိုရှေ့ထား
အတ္တများစား
လောဘသားများလား။

ရူးရူးကြမ္မာရူး
ကိုယ်ကမပြု ကံကပြု
နုနုလည်းခံ ကြမ်းလဲမစံရ
ပြင်မရ ဆုတ်မရ
အရှုံးသာပိုက်ရမည့်ဘဝ။   ။', 'Poem', 1362112516492, '931019fd-e90d-4982-91e1-e4f8c592e011');
INSERT INTO records (_id, date, hours, minutes, seconds, day, month, year, note_title, note_text, category, upd_time, guid) VALUES (72, 1026824423721, NULL, NULL, NULL, NULL, NULL, NULL, 'အလွဲ', 'ရင်ခွင်ကတစ်ခု
ကံကတစ်လွဲ
တတ်ပဲတတ်နိုင်ကြလေရဲ့။

ဘယ်သူ့ကို ချစ်ချစ်
ဘယ်သူနှင့် သင့်သင့်
မျှော်လင့်မရတဲ့ အနာဂတ်
ဘယ်လို အဆုံးသတ်ရမလဲ။

ကြင်နာခွင့်ကြုံသူတစ်ဦး
ချစ်ဖူးသူတစ်ယောက်
မျှော်လင့်သူတစ်ခြား
ဆုံနိုင်တာတစ်မူကွဲ
ဘယ်မလဲ အချစ်အရသာ
အလွမ်းနာလား ပျော်သာမလား။

ဘဝက ဒါပဲလား
ကိုယ်ကဖန်လည်း ကံဆွဲတိုင်းက
ရင်ကတော့ အမြဲနာနေပေါ့။   ။', 'Poem', 1362112722688, 'fce6292f-1a87-481b-be8e-09de5169d376');
INSERT INTO records (_id, date, hours, minutes, seconds, day, month, year, note_title, note_text, category, upd_time, guid) VALUES (73, 1026824423721, NULL, NULL, NULL, NULL, NULL, NULL, 'တစ်ခြားစီ', 'နာမည်ကြီး ထမင်းငတ်
ဘယ်ဇာတ်မှာ ကရမှန်းမသိ
မျှော်မှန်းချက်က ဝေးဘိသနှင့်
တွေးကြည့်ချင့်တော့
အလွမ်းချည်းပဲပေါ့။

ဘယ်သူနဲ့ ကျော်ကျော်
ဘယ်သူနဲ့ ညားညား
အချစ်ခါးခါးက
ဘဝကို တစ်ပိုင်းသေစေပေါ့။

ချစ်သူရေလို့
တ ဖို့က ဘယ်သူလဲ
ရင်ထဲကလား အပြင်ကလား
ထားခဲ့ရမယ့် အတိတ်ကို
ပြန်တွေးလို့ ကြည်နူးချင်လည်း
အနာဂတ်ထဲမှာ မရေရာတော့
ပစ္စုပ္ပန်က အလွမ်းပဲပေါ့။   ။', 'Poem', 1362112568772, '123aa5ca-55ba-4b6d-b1da-74b8a6d4106e');
INSERT INTO records (_id, date, hours, minutes, seconds, day, month, year, note_title, note_text, category, upd_time, guid) VALUES (74, 1027170023721, NULL, NULL, NULL, NULL, NULL, NULL, 'ကိုင်း', 'လှမ်းယူခွင့်ကြုံ ကိုင်းတစ်စုံမှာ
တစ်ခုက ညွှတ်ပြောင်းသွယ်ဝေး
တစ်ခုက တုတ်ခိုင်အနီးလေး
အနီးအဝေး ဘယ်ဟာကိုရွေးမလဲ။

အနီးကကိုင်းကို လှမ်းယူမိတော့
ရုန်းကန်လှုပ်ရှား ခွာပြေးသွားခဲ့။

အဝေးကိုင်းကညွှတ် လက်နားသို့ချဉ်း
လှမ်းယူခိုပြန်တော့ လွတ်ပြန်ပေါ့တစ်ခါ
သူ့မှာပြောင်းညွှတ်တော့ အဝေးဆုံးခွာပေါ့။

တစ်ကိုယ်တည်းပဲ
ခိုတွယ်ရာ မမြဲနိုင်
ပိုင်ပိုင်ကိုင်မိဖို့
ခိုင်တာကို ရွေးရမလား
အဝေးကကိုင်း 
ပြန်အညွှတ် စောင့်ရမလား
ဝေခွဲရ အခက်သား။   ။', 'Poem', 1362112596162, '72e76839-7603-4fa5-a4fc-cf2bde68e54f');
INSERT INTO records (_id, date, hours, minutes, seconds, day, month, year, note_title, note_text, category, upd_time, guid) VALUES (75, 1027429223721, NULL, NULL, NULL, NULL, NULL, NULL, 'ရထား (သုံး - ဘဝ)', 'မွေးဖွားခြင်းအစ
သေခြင်းအဆုံး
ကြားတစ်ဘဝလုံးမှာ
လူးလွန့်ခုတ်မောင်းရင်း
ကံကြမ္မာ သံလမ်းပေါ်မှာ
နားခိုရာရှာမှ
တရွေ့ရွေ့နဲ့ ရပ်မရ။

တိုင်းနိုင်ငံ မြို့နယ်ခြား
ဘူတာအများနဲ့ ခရီးပြု
နုရာမှရင့် နှေးတစ်လီ မြန်တစ်လှည့်
နောက်ဆုံးအချိန် မရောက်သရွေ့
တံတား ကမူ မြေပြန့် လွင်ခေါင်
တောချောင် တောင်ကြား ခုတ်မောင်းသွားရင်း
ပင်ပန်းခြင်းများနဲ့
လောကဓံရဲ့ နှိပ်စက်မှုအောက်
ရင်စီးခံရင်း ဆက်လျှောက်ခဲ့။   ။', 'Poem', 1362112794488, 'd0adc7b8-ef19-48bf-8352-b74e326f460e');
INSERT INTO records (_id, date, hours, minutes, seconds, day, month, year, note_title, note_text, category, upd_time, guid) VALUES (76, 1028379623721, NULL, NULL, NULL, NULL, NULL, NULL, 'ပြန်ဆုံခွင့်', 'အချစ်စစ်ရဲ့ ရင်ခွင်ဆီ
လှမ်းချင်သည့် အသည်းက
နာကျဉ်ခြင်းနဲ့ပဲဆုံခဲ့ရ။

ဖွင့်ထားတဲ့တံခါး
ဝင်လာသူမဲ့နေမှ
အဆုံးသတ်မရနိုင်အောင်
လွမ်းမောခြင်း ဆောင်ထားခဲ့ရ။

ပျော်ရွှင်ခဲ့တဲ့ ချစ်သူဘဝ
တစ်ခါပြန်ရမလား
ပျောက်ပြယ်မသွား အချစ်က
ခဏတွေ့ရရင် ထပ်တိုးနှောင်ဖွဲ့
ဆုံမည့်ရက်ကို မျှော်လင့်ခဲ့။

အမှတ်မရှိတဲ့ရင်ခွင်
သူဝင်ရင် ပျော်ရွှင်ခြင်းတွေ
ပြန်ရမယ် ထင်လို့မို့
သူ့အပြုံးတို့ တမ်းတခဲ့။   ။', 'Poem', 1362112851950, '7fb4a8e4-eeae-451b-bbb6-8c9158668fc6');
INSERT INTO records (_id, date, hours, minutes, seconds, day, month, year, note_title, note_text, category, upd_time, guid) VALUES (77, 1028984423721, NULL, NULL, NULL, NULL, NULL, NULL, 'ဥတုရဲ့နိမိတ်', 'နှင်းမှုံစလတစ်လမှာ
ခိုဝင်လာခဲ့သူ
အတူလိုလို နှင်းမြူကွဲတော့
ပျောက်ကွယ်ပြီပေါ့။

အပူဖွဲ့စ နွေလမှာ
ဆုံတွေ့ကာ အချစ်ပြု
ရာသီကိုအံတု
အချစ်ရင်ခွင် အေးတယ်ထင်မှ
ပြင်းပြပြ အပူဆင့်
နွေလင့်တော့ ပျောက်ခဲ့ပေါ့။

ဆောင်းရယ် နွေရယ်က
အလွမ်းသယ်ခဲ့မှ
မိုးသည်းချိန်ရောက်တော့
အားလုံးကွယ်ပျောက်လို့
တမ်းတခြင်းရဲ့နောက်ကွယ်
မျက်ရယ်မိုးသာ စွေခဲ့တယ်။   ။', 'Poem', 1362112875159, '5064bbf2-d1c6-4fd4-8e7c-a3d6e317d2bd');
INSERT INTO records (_id, date, hours, minutes, seconds, day, month, year, note_title, note_text, category, upd_time, guid) VALUES (78, 1029157223721, NULL, NULL, NULL, NULL, NULL, NULL, 'မမုန်းတတ်သူ', 'အနေဝေးဝေးနီးနီး
သူ့ကိုရှုမငြီးနိုင်လို့
အကြင်နာတို့ ပေးမဆုံး
အရှုံးပေးကြည်ဖြူ
အလွမ်းယူဆိုလည်း မငြင်းခဲ့။

သူကချစ်ရင်
ပျော်ရွှင်ကြည်နူးတဲ့ရင်မှာ
အချစ်က ပိုတိုးလာခဲ့။

သူကပစ်ခွာပြေးလည်း
ပူနွေးဆဲအချစ်က
ရင်နာရသမျှ တိုးတိုးဖွဲ့
အမုန်းနဲ့ လဲဖို့မတတ်ခဲ့။

ဆို့နစ်တဲ့ နှလုံးသားမှာ
ချစ်တာသာရှိလိုမို့
အချိန်တွေ ဘယ်လိုပြောင်း
အချစ်မဟောင်းနိုင်ခဲ့။   ။', 'Poem', 1362112895302, '9dd5e010-8cff-4120-a4be-042bd3feb7cd');
INSERT INTO records (_id, date, hours, minutes, seconds, day, month, year, note_title, note_text, category, upd_time, guid) VALUES (79, 1029157223721, NULL, NULL, NULL, NULL, NULL, NULL, 'အပြုံးနုနဲ့ အတူ', 'ပူလောင်တဲ့ နှလုံးသားနဲ့
လောကကြားထဲက ဘဝကို
လိုချင်သမျှ မပြည့်နိုင်
အချစ်လည်း မပိုင်ဆိုင်ဘဲ
နွမ်းကြွေဆဲပါကွယ်။

မေ့မရတဲ့ သူ့အပြုံးနု
လွမ်းအောင်ပြုသမျှ
ကျေကျေနပ်နပ် ခံနေမှ
သူကမျှော်လင့်ချက် ပေးပြန်တယ်။

ရင်နာခြင်းများစွာနဲ့
ကြင်နာချင်ခဲ့သမျှ မျိုသိပ်လို့
အလွမ်းတို့ရဲ့ အဆုံးသတ်
တစ်ဘဝလုံး အချစ်ဖုံးဖို့
ပျောက်ကွယ်လို့နေတဲ့ သူ့အပြုံး
ကိုယ့်အတွက် ထာဝရပြံူးနိုင်အောင်
အချစ်တို့နဲ့အတူ ယူဆောင်လာခဲ့ကွယ်။   ။', 'Poem', 1362112913880, '20a872e0-23b5-4acb-9b06-bb82a9904f4b');
INSERT INTO records (_id, date, hours, minutes, seconds, day, month, year, note_title, note_text, category, upd_time, guid) VALUES (80, 1029243623721, NULL, NULL, NULL, NULL, NULL, NULL, 'မျှော်ရင်းဆွေး', 'နာကျဉ်မှုနဲ့ နှုတ်ဆက်မှ
နောင်တစ်ချိန်တစ်ခါ
ဆုံတွေ့လာမယ့်နေ့
မျှော်လင့်ရင်းတွေးမိ
ဘယ်အချိန်အထိလွမ်းရမလဲ
ဘယ်အခါမှပဲ ဆုံနိုင်မယ်
ချာချာလည်အတွေးနဲ့
ကိုယ်ရူးနေခဲ့။

သူ့ရင်လှိုက်ဖို ငိုသံလိုလို
ကိုယ်ကြားခဲ့မိပေါ့
တစ်နေ့နေ့တော့ အတူပျော်ရဖို့
ပြောင်းလို့နေတဲ့နေ့များ
ဖြတ်ကျော်သွားလည်း
မနေ့ကပဲ ခွဲခဲ့သလို
ရင်မှာငို နေမိ
လွမ်းအတိနဲ့ မျှော်နေခဲ့။   ။', 'Poem', 1362112934768, 'ed362cea-947f-48ab-90c4-81cafcaa783b');
INSERT INTO records (_id, date, hours, minutes, seconds, day, month, year, note_title, note_text, category, upd_time, guid) VALUES (81, 1029762023721, NULL, NULL, NULL, NULL, NULL, NULL, 'မဆုံသောလမ်း', 'နောက်ဆုံးချိန်ရဲ့ နှုတ်ဆက်စကားတစ်ခွန်း
ရင်မှာစွန်းစေတဲ့ အလွမ်းနဲ့
သူချန်ထားခဲ့တဲ့ ဘဝ
အခုချိန်မှာတော့ မေ့ထားလိုက်ပေါ့။

အဓိပ္ပာယ်မသိတဲ့ အချစ်များ
မင်းလေးရွေးချယ်သွားတဲ့လမ်း
ဝေးမှန်းမသိ ဝေးခဲ့မှ
နောက်ထပ်တွေ့ဖို့က မရေရာတော့။

တစ်ချိန်ကချိုသော အနမ်း
အိပ်မက်မှန်း မသိနိုင်ခင်
မဆုံရင်လည်း မျှော်လင့်ထား
မင်းရဲ့အပြုံးများ မြင်လိုခဲ့
နောက်ဆုံးပဲ ဖြစ်စေတော့။

ကိုယ်မတားနိုင်တဲ့ အချစ်မှာ
ဒဏ်ရာရုပ်ကြွင်းသာကျန်ခဲ့
မျက်ရည်မြစ်နဲ့ အဖော်မဲ့။   ။', 'Poem', 1362112952307, 'a9d96232-da73-469e-9880-42647567c128');
INSERT INTO records (_id, date, hours, minutes, seconds, day, month, year, note_title, note_text, category, upd_time, guid) VALUES (82, 1029848423721, NULL, NULL, NULL, NULL, NULL, NULL, 'မိုးသည်းထဲမှာ', 'တဝေါဝေါရွာနေတဲ့ မိုးရေကြား
အလွမ်းသမားကိုယ့်မှာက
မှန်းဆမရတဲ့ ချစ်သူရှိရာ
ရှာဖွေပါမှ လွမ်းနေရ။

ပူလောင်နေသော နှလုံးသား
ချမ်းသွားမလား ထင်မိလည်း
မြားမိုးသည်းက စူးနစ်ရှ
ပိုမိုနာကျဉ်လာရ။

ရင်တွင်းက မျက်ရည်
လျှံလေတော့လည်း
မိုးရေထဲမှာ ပျောက်ဆုံးမှ
ပျော်ခဲ့တုန်းက အချိန်ကိုသတိရ။

ဘယ်သူမှမကြားနိုင်တဲ့ စကားများ
ရင်မှာမွန်းကြပ်သွားအောင်ရှိလည်း
ဝေးနေဆဲ ချစ်သူကို
အချစ်ပိုလို့ စောင့်နေခဲ့ရ။   ။', 'Poem', 1362112972192, '39011c64-9ef6-4868-9f5a-6e67d7a67f2e');
INSERT INTO records (_id, date, hours, minutes, seconds, day, month, year, note_title, note_text, category, upd_time, guid) VALUES (83, 1030107623721, NULL, NULL, NULL, NULL, NULL, NULL, 'လွဲ', 'ပင်လယ်ပြင်မျက်နှာနဲ့…ငါ
ဘဝဟာ…ဘာဖြစ်နေလဲ
အချစ်က…ဘယ်မှာလဲ
ဝေခွဲရခက်သလား။

ချစ်သူတွေက အေးစက်
ဒဏ်ရာချက်နဲ့ နှလုံးသားမှာ
ငါ…ဘာလုပ်ရမလဲ
အတွေးထဲ လွင့်နေဆဲ။

တစ်နဲ့နှစ်ပေါင်း လက်သုံးချောင်းတဲ့
ဆဒ္ဒမဲ့တဲ့ ဘဝအမော
မျောလွင့်ခြင်း အဆုံးက
ဘယ်သူ့ကြောင့်မှလဲ။   ။', 'Poem', 1362112990814, '035f395c-e5f9-4f74-968d-d3750530a4f9');
INSERT INTO records (_id, date, hours, minutes, seconds, day, month, year, note_title, note_text, category, upd_time, guid) VALUES (84, 1030107623721, NULL, NULL, NULL, NULL, NULL, NULL, 'ဘဝဇော', 'မိုးသည်းထဲမှာ
တောင်ကျချောင်းခမ်းမှ
လမင်းပျိုက ငိုရတယ်။

ပင်လယ်ပြင် လက်တနှိုက်စာ
ငါးပက်လာမှ လွမ်းမိမယ်။

လူသားစွမ်းအားနဲ့
နေမင်းရဲ့အလယ်
နေနိုင်မယ်ဆိုကာမှ
အချစ်ကြောင့် ငါ့ဘဝပျက်မယ်။

အချစ်သမား ကျေးကျွန်များကြောင့်
လူသားတို့ ရူးကြတာ
မဆန်းတော့ပါ။

ပျော်ချင်နေချင် ဘဝချဉ်ခါး
ကံစားရာနေ မျှော်လင့်လေလည်း
လောဘထဲမျော အချစ်ဇော ငွေဇော
ငါကောပါရမှာလား။   ။', 'Poem', 1362113007495, 'bbe427fa-0e1e-442a-b5a7-455be0790240');
INSERT INTO records (_id, date, hours, minutes, seconds, day, month, year, note_title, note_text, category, upd_time, guid) VALUES (85, 1030194023721, NULL, NULL, NULL, NULL, NULL, NULL, 'သဘော', 'ဖွဲ့ဖွဲ့နွဲ့နွဲ့ပြောခဲ့မှ
တုံပြန်တတ်တဲ့ သူ့စကား
ငိုသွားအောင် တတ်နိုင်ရဲ့။

ပျဉ္စလက်အင်အားနဲ့
စွဲကျန်ခဲ့အောင်လည်း လုပ်တတ်တယ်။

လှပနုကြွ အပြုံးလှလှနဲ့
ရင်ကိုမွမွ ခွဲတတ်တယ်။

မာယာလား သစ္စာလား
အချစ်လား လှည့်စားခြင်းလား
ဘယ်သွားလို့ ဘယ်နေ
သူစေနိုင်အောင် ဖန်တတ်တယ်။

လှတာမက်ရင် ညစာခက်ဆို
ရင်ဖိုတတ်ရင် ဘဝပင်ပျက်
အချစ်စနက်နဲ့ ခံစားချက်ပို
လွမ်းလိုတိုင်းလွမ်း စိတ်ရိုင်းဝင်တတ်တာ
လူ့ဘဝတွေပဲလားကွာ။   ။', 'Poem', 1362113055584, '284d3e63-d0dd-46fe-8a40-4a3e30fc7ee0');
INSERT INTO records (_id, date, hours, minutes, seconds, day, month, year, note_title, note_text, category, upd_time, guid) VALUES (86, 1030194023721, NULL, NULL, NULL, NULL, NULL, NULL, 'နေ့နဲ့ည', 'ဆိုက်ဗီးရီးယားည ဆာဟာရနေ့
နက္ခတ္တလှောင်သံ ကမ္ဘာကတွေ့
ကြယ်တာရာလည်းမေ့ခဲ့။

ကိုယ်ပိုင်တာက 8086
Internet ခေတ်ဝင်မိခဲ့။

လမင်းလဲခွာ နေသာချိန်မရှိဘဲ
MTV ထဲက လွမ်းချင်း
ဟင်းလင်းရှိတဲ့ Entertainment
အသံမဲ့ခဲ့။

Digital pulse မှာ Clock ခွာမှ
ရင်ခုံသံက ရပ်လို့မရ။

အလွမ်းထဲမှာ စာနာသူကင်း
ချစ်ခြင်းသစ္စာ ဘယ်မှာရှာမရ
ကြင်နာသူဝေး ရင်မှာဆွေးရင်း
စွန့်လွှတ်ခြင်းလား ပိုင်ဆိုင်နိုင်မလား
ခွဲခြားမရတဲ့ ဘဝပါကွယ်။   ။', 'Poem', 1362113083760, '4068d3dc-ba84-49b6-abc1-3db4528f14eb');
INSERT INTO records (_id, date, hours, minutes, seconds, day, month, year, note_title, note_text, category, upd_time, guid) VALUES (87, 1030712423721, NULL, NULL, NULL, NULL, NULL, NULL, 'နိုး', 'အချိန်ကခဏ
ရင်အတွက် တစ်ဘဝ
အချစ်ရက် တစ်ရက်က
ထာဝရ ရိုက်ခတ်မှ
မေ့မရနိုင်အောင် လွမ်းရ။

အကြင်နာမသိ
စိတ်သတိ လစ်ဟင်း
တွေ့ဆုံမိခြင်းက
မတိကျတဲ့ အနာဂတ်အတွက်
ရင်မချိအောင် လွမ်းမိခဲ့။

မသိစိတ်ရဲ့စနက်
အိပ်မက်နယ်လှလှ
တကယ်ထင်ပါမှ
နိုးထတဲ့ နေ့တစ်နေ့
အလွမ်းရဲ့စေ စနက်မှာ
တမ်းတချက်သာ ကျန်ရစ်ခဲ့။   ။', 'Poem', 1362113101487, '98d68caf-fbba-4a41-bd4f-8ca90193b41a');
INSERT INTO records (_id, date, hours, minutes, seconds, day, month, year, note_title, note_text, category, upd_time, guid) VALUES (88, 1031835623721, NULL, NULL, NULL, NULL, NULL, NULL, 'လမင်းနဲ့ပင်လယ်', 'ပင်လယ်ပြင်မျက်နှာနဲ့ “ငါ”
လမင်းမျက်နှာ မျှော်လင့်နေရ
အမှောင်တွေ လာပါမှ
ရင်ခုန်နေရှာမိ။

အဝေးကလဝန်းလေး
ရွရွလေး ဖြတ်လျောက်သွားရင်
ပင်လယ်ပြင်မှာ လှိုင်းများထန်ခဲ့။

ရူးသွတ်နိုင်တဲ့ အလှနဲ့
ငွေဇာချဲ့ရောင်စဉ်ပြေး
ပက်ဖြန်းပေးထားပြီး
ငိုညည်းပေါက်ကွဲ ဆူညံညံခေါ်လည်း
အဝေးက လမင်းပျို
မကြားချင်သလို နေခဲ့တယ်။

မျက်ရည်ရင်အပြည့် ပင်လယ်ငို
အေးမြအလင်းပို လဝန်းငယ်လေး
ဆုံနိုင်ခွင့်ဝေးမြဲလားကွယ်။   ။', 'Poem', 1362113125754, 'bc74d4d7-b13a-4c17-acd5-066e603139b4');
INSERT INTO records (_id, date, hours, minutes, seconds, day, month, year, note_title, note_text, category, upd_time, guid) VALUES (89, 1031835623721, NULL, NULL, NULL, NULL, NULL, NULL, 'အခုတော့', 'အိပ်လို့မရတဲ့ည
အတိတ်လှက လွှမ်းမိုးထား
အတွေးများ နောက်ပြန်လှည့်မိ
သူ့ပြုံးယောင် အကြည့်က
ရင်မှာရွရွ ခုန်ခဲ့ဘူးတယ်။

အချစ်နဲ့ တစ်ကယ့်ဘဝ
ဆက်စပ်မရနိုင်မှ
အိပ်မက်လှက နိုးခဲ့ရတယ်။

စက္ကန့်လေးတွေ ရွေ့နေလည်း
မနက်ဖြန်ထဲ ဆုံနိုင်ခဲလို့
ပိုင်ဆိုင်ဖို့ရက် မမျှော်ရဲ
လွမ်းလျက်ပဲ စွန့်လွှတ်နေမယ်။

မပြောင်းလဲတဲ့ ရင်ကအချစ်နဲ့
သယ်ဆောင်ခဲ့ ပျော်စရာအတိတ်
တမ်းတစိတ်မှာ ဘာမှမလို
အချစ်စစ်သာ တမ်းတပိုမိတယ်။   ။', 'Poem', 1362113147177, '72bdf9ab-aacf-40ee-8846-f877eba22821');
INSERT INTO records (_id, date, hours, minutes, seconds, day, month, year, note_title, note_text, category, upd_time, guid) VALUES (90, 1031835623721, NULL, NULL, NULL, NULL, NULL, NULL, 'လေလွင့်တံခွန်', 'အချစ်ရဲ့ ကြိုးတစ်မျှင်
သံယောဇာဉ် တစ်နွယ်တင်း
လေလွင့်ရင်း အပျော်လွန်
လေတံခွန်ဘဝ။
အကြင်နာ ကစားကွင်း
ဖြေးဖြေးညှင်းညှင်း လေဟုန်စီး
အပြုံးခြင်းဆုံနေမှ
ကံကခွဲဖျက် အချစ်ရက်ပျက်
ကြိုးပြတ်တဲ့ စွန်လေး
တလွင့်လွင့်နဲ့ ဟိုအဝေး
အလွမ်းတေးဆိုရပြီ။

ကြိုးမဲ့တဲ့စွန် လွင့်လိုရာလွင့်
ကျိန်စာသင့် အချစ်မှာ
နားခိုရာ ရှာမရနိုင်
ပျက်စီးယိုင်နဲ့ပြေးမှ
မဆုံးနိုင်အောင် မျောလွင့်နေရ။   ။', 'Poem', 1362113171227, '113b53a0-c1f2-4764-ade3-876d1dbef141');
INSERT INTO records (_id, date, hours, minutes, seconds, day, month, year, note_title, note_text, category, upd_time, guid) VALUES (91, 1032613223721, NULL, NULL, NULL, NULL, NULL, NULL, 'ချစ်မိသူ', 'လမ်းခွဲသွားတဲ့ ချစ်သူကို
အချစ်တွေ ပိုဆဲမို့
ပြန်တွေ့ဖို့ တောင့်တရင်း
ထာဝရချစ်ခြင်းဖွဲ့
သံယောဇာဉ်နဲ့ မျှော်မိတယ်။

အလွမ်းထဲ ထားခဲ့တဲ့ ချစ်သူရေ
အချိန်တွေ ခါးလွန်းလို့
တစ်သက်စာ တို့ ဆုံခွင့်ရရင်
ပျော်ရွှင်ရင်း ရင်ခုန်မိ
အမုန်းမရှိပါ ချစ်သူရေ။

အသည်းကြွေပျက်
သူထားခဲ့တဲ့ ရက်စွဲနာရီ
မှုန်ရီရီ ချောက်လှန့်ဆဲမို့
အနာဂတ်တို့ နေဝင်လည်း
အချစ်နဲတဲ့ ချစ်သူလေလို့
အပြစ်မဖို့ရက်ပါ ချစ်သူရေ။   ။', 'Poem', 1362113192143, '5f7f3f92-2abd-43f7-887c-a59b4f0819b7');
INSERT INTO records (_id, date, hours, minutes, seconds, day, month, year, note_title, note_text, category, upd_time, guid) VALUES (92, 1035118823721, NULL, NULL, NULL, NULL, NULL, NULL, 'တစ်ကျော့', 'လမင်းခွာပြေး ညအဝေး
ကြယ်စဉ်ငေးငေး မှိုင်တွေဆွေး
အလွမ်းတေး ဆိုခဲ့ပြီ။

နေဝန်းခွာပြေး နေ့အဝေး
တိမ်ဖြူကလေး မဲ့တဲ့တဲ့
မျက်ရည်တို့နဲ့ ညိုခဲ့ပြီ။

လှိုင်းလေးခွာပြေး ပင်လယ်လေး
ဆူညံသံပေး ပေါက်ကွဲသွေးပျက်
မျက်ရည်စက်တို့ ရင်မှာပြည့်ပြီ။

အလွမ်းရယ် မပီတပီ
နာရီတို့ရဲ့ ညည်းသံအောက်
အချစ်ပျောက် ဘဝခါး
ညများရဲ့ အဓိပ္ပာယ်မဲ့
သူရက်စက်ခဲ့ ဟိုတစ်ချိန်က
အခါလည်မျှ ရှိနေပါမှ
တမ်းတလျက်မှ ငိုမိမယ်။   ။', 'Poem', 1362113212967, '1a1c9324-b692-497d-b1cd-359ad0250327');
INSERT INTO records (_id, date, hours, minutes, seconds, day, month, year, note_title, note_text, category, upd_time, guid) VALUES (93, 1035982823721, NULL, NULL, NULL, NULL, NULL, NULL, 'ဆုံမိချိန် တမ်းချင်း', 'ချစ်မိတာက တစ်ဘဝ
ကြင်နာရတာ တစ်လ
နမ်းခွင့်ရတာ တခဏ
ရက်စက်ထားခဲ့တာ တစ်နှစ်မက။

အလွမ်းညမှာ တမ်းတမက်မော
အချစ်ဇောလေး ပိုက်ထွေးရင်း
မျှော်လင့်ခြင်း ဆန္ဒမှာ
ရင်ခွင်ဟာဟာထဲ
ပြန်ခဲ့စေချင်ဆဲပါ ချစ်သူရေ။

ဆုံတွေ့မှု မျက်ဝန်းလွှာ
အရိပ်သာသာ စွဲထင်ဆဲမို့
နေ့ရက်တို့ လှပအောင်
ဟန်ဆောင်ကွယ်ဝှက် နှလုံးသား
ထင်ထင်ရှား သူ့အချစ်များ
ဖွင့်လှစ်ထားလို့ ကြိုခဲ့ရင်
အနှိုင်းမရှိရင်ခွင် ပျော်ရွှင်မိမယ်။   ။', 'Poem', 1362113235702, '581c303d-7beb-479c-aa7d-a7154852fab8');
INSERT INTO records (_id, date, hours, minutes, seconds, day, month, year, note_title, note_text, category, upd_time, guid) VALUES (94, 1036933223721, NULL, NULL, NULL, NULL, NULL, NULL, 'ပြုသမျှ', 'ရင်တစ်ခုလုံးမှာ
အချစ်နဲ့ သစ္စာသာ ဖုံးရင်
အလွမ်းစင်ခွာ
ပျော်ရွှင်ခြင်း မင်းမူမှာထာဝရ။

တစ်လောကလုံး အမှောင်ဖုံးလည်း
ရင်ခွင်ထဲမှာ သူသာရှိရင်
အရာရာ လင်းနေမိမယ်။

တစ်လောကလုံး သောကဖုံးနေလည်း
သူ့ရဲ့အားပေးမှုလေးတွေထဲ
ရင်ထဲက အပူငြိမ်းမယ်။

တစ်လောကလုံး အချစ်ဖုံးမှ
ကိုယ့်အနားမှာ သူသာရှိရင်
အားလုံးပြည့်စုံပြီ ထင်ခဲ့။

တစ်လောကလုံး အလွမ်းဖုံးတော့
သူ့အမုန်းအောက် ပျော်စရာပျောက်လို့
အငိုတို့နဲ့ မျှော်နေမိတယ်။   ။', 'Poem', 1362113454878, 'c2afcbc6-d97a-4817-b4b1-815c4a72c385');
INSERT INTO records (_id, date, hours, minutes, seconds, day, month, year, note_title, note_text, category, upd_time, guid) VALUES (95, 1037797223721, NULL, NULL, NULL, NULL, NULL, NULL, 'နောက်ဆုံးအချိန်', 'အချစ်ဆုံး ကလေးရေ
ညည့်နက်တွေရဲ့ အဆုံးသတ်
သန်းခေါင်ယံ နှစ်စက္ကန့်ကြားမှာပါ
ပျော်စရာနဲ့ အလွမ်းနာလည်း
တစ်ရက်ထဲရဲ့ မိနစ်ပိုင်းပါ။

အချစ်ဆုံး ကလေးရေ
အပူနဲ့အအေး စပ်ကူးမှာလည်း
Normal မှတ်ပါးပါးလေးပါပဲ
အကြင်နာနဲ့ ဒဏ်ရာကြားထဲ
ရက်စက်တဲ့ လမ်းခွဲစကား တစ်ခွန်းတည်း။

အချစ်ဆုံး ကလေးရေ
ဝေသနာတွေ ဘယ်လိုဆိုးဆိုး
မျှော်လင့်ချက် တိုးတိုးဖွဲ့ရင်း
လွမ်းခြင်းတို့ အဆုံးသတ်
နောက်ဆုံးစက္ကန့်ကို မျှော်လို့
အချစ်တို့ မဖျက်ရက်ပါကွယ်။   ။', 'Poem', 1362113483468, '7bf37c05-34f6-4143-8cc2-a5c888a26a33');
INSERT INTO records (_id, date, hours, minutes, seconds, day, month, year, note_title, note_text, category, upd_time, guid) VALUES (96, 1039266023721, NULL, NULL, NULL, NULL, NULL, NULL, 'မျက်ဝန်း', 'ရွှန်းလဲ့လဲ့ ရောင်စဉ်ပြေး
မျက်ဝန်းလေး တစ်စတစ်စညို
မှိုင်းရည်ခို အုံ့ဖွဲ့ဖွဲ့
နက်ရှိုင်းတဲ့ အကြည့်တစ်ချက်
ထိုးနှက်ချက်ကို ခံလိုက်ရတယ်။

ရယ်မလို ရွှင်ကြည်သွားမှ
အဝေးက ကြည့်ဟန်လို
အမူပိုပို စူးစိုက်တော့
လှလိုက်တဲ့ မျက်ဝန်းလွှာ
သူ့အကြည့် တစ်ချက်မှာ ရူးရတယ်။

ပြုံးစစနှုတ်ခမ်းလွှာက
မျက်ဝန်းမှ စကားကို
ဖွင့်ဟလို့ ဆိုမလိုလိုနဲ့
အသံဖွဲ့နွဲ့နွဲ့ မျက်နက်ရှင်
အချစ်ရေစင်လို အအေးပိုမှ
မှင်တက်မိရ သည်ခဏဝယ်။   ။', 'Poem', 1362113503192, 'd0774059-905d-4b0c-8b3c-24fb755a4fb4');
INSERT INTO records (_id, date, hours, minutes, seconds, day, month, year, note_title, note_text, category, upd_time, guid) VALUES (97, 1038834023721, NULL, NULL, NULL, NULL, NULL, NULL, 'တစ်ဦးသာ', 'တစ်ယောက်ထဲ ဝဲလည်လည်
ရူးသွတ်နေတဲ့ ညတွေမှာ
တမ်းတခြင်းများစွာနဲ့
မင်းလေးအချစ်ကို မျှော်နေမိတာ
ကာလမတန် ကြာလှပြီ။

တစ်ယောက်က ရက်စက်တယ်
အလွမ်းနယ်ထဲ တမ်းတဆဲမှာ
လမ်းခွဲသွားရက်သူက
မညှာမတာ စိမ်းရောင်ဖွဲ့
လှောင်မဲ့မဲ့ မျက်ဝန်းက
သည်မောင့်ရင်ကို နှိပ်စက်ဖြတ်။

တစ်ယောက်ထဲသော ချစ်သူရေ
အလွမ်းတွေနဲ့ ဆုံတဲ့အခါတိုင်း
နာရီတိုင်း အချိန်တိုင်းသတိရ
နာကျဉ်လှတဲ့ နှလုံးသားနဲ့
အလွမ်းချဲ့ရက်ကို ရပ်ပါတော့ကွယ်။   ။', 'Poem', 1362113519278, 'a474b7e7-2a0f-4f06-bcdd-598a42987c2b');
INSERT INTO records (_id, date, hours, minutes, seconds, day, month, year, note_title, note_text, category, upd_time, guid) VALUES (98, 1039784423721, NULL, NULL, NULL, NULL, NULL, NULL, 'အနမ်း', 'ရက်စွဲနာရီတို့ ငိုငြီးရင်
အနမ်းစင်စင် တင်ခဲ့ရက်က
ခြောက်လှန့်နေကြတယ်။

တစ်ခဏရဲ့ မိနစ်ပိုင်း
အတိုင်းမရှိ အချစ်သင်္ကေတ
အခုတော့ ကိုယ်နွမ်းလျ။

နောက်ဆုံး တစ်ချက်အထိ
ရင်ခုန်မိမယ့် မျက်နှာလေး
ဘယ်တော့ အလွမ်းဝေးရမှာလဲ။

ချစ်သူရင်မှ အချစ်က
ဖျက်မရ ထင်ထားမှ
မှားတယ်လို့ မယုံဘူးကွယ်။

အပြောင်းအလဲများက
ခွဲသွားရအောင် ဖန်တီးလည်း
ရင်ခွင်ထဲက အနမ်းတစ်စက်
သူ့အတွက်ထာဝရ ရှိခဲ့မယ်။   ။', 'Poem', 1362113536697, 'f132998b-b525-4122-b705-9cb8494a3ff8');
INSERT INTO records (_id, date, hours, minutes, seconds, day, month, year, note_title, note_text, category, upd_time, guid) VALUES (99, 1040475623721, NULL, NULL, NULL, NULL, NULL, NULL, 'အဆိုးများ', 'ဘဝအစ ငိုခြင်းက
ဆဒ္ဒတွေ ပူလောင်လှရင်
ထပ်ထပ်ငိုမိချင်၏။
လောင်ကျွမ်းမှု အတွေးများ
အချိန်တို့ကို စားလေမှ
ပေါက်ကွဲမှုက မတန်တဆ။

မျှော်လင့်ချက် ရေးတေးတေး
မြင်ခွင့်လေး မရခင်မှာ
ကြည်နူးခြင်း အစဉ်ခွာလို့
သတိတို့ လွင့်ပျောက်ချို့။

ရှေ့ဆက်ဖို့ ဘဝခရီး
အားတင်းပြီး လှမ်းလျောက်ချင်
စိတ်ကြီးဝင်တာ မဖျက်သာတော့။

အစွဲလမ်းဆုံး အချစ်ကို
ထာဝစဉ် ပိုင်လိုတာ အရင်းခံမို့
ဘဝကို တပ်မက်လို့ နေရပြီပေါ့။   ။', 'Poem', 1362113554358, '44c3ba08-f5ab-487f-901b-d13447cc8f4e');
INSERT INTO records (_id, date, hours, minutes, seconds, day, month, year, note_title, note_text, category, upd_time, guid) VALUES (100, 1041080423721, NULL, NULL, NULL, NULL, NULL, NULL, 'ရောင်စုံမိန်းကလေး', 'အသည်းနှလုံးက အနီ
စိတ်အစဉ်မှာ အဖြူဖွဲ့
မျက်ဝန်းနက်မှာ စိမ်းလေမလား
ထင်မှတ်မိထားစဉ်
နှုတ်ခမ်းလွှာပြင်သာ စိမ်းခဲ့။

ပန်းနုရောင်ပြေး ပါးကလေးက
အစိမ်းပြတဲ့ နှုတ်ခမ်းအကြောင်းကို
သိသလိုလို လှောင်ရယ်ကြတယ်။

မျက်နက်အိမ်က ငွေချည်ဥ
မခို့တရို့ ပေါ်ထွက်ပြုပြန်
မလိုဟန်နဲ့ ဖျောက်ဖျက်တော့
ကွယ်ရှိုးလွင့်ပျယ်ခဲ့ရပေါ့။

လှည့်စားတတ်တဲ့ နှုတ်ဖျားနဲ့
ညာဖို့မကြိုးစားတဲ့ မျက်ဝန်းများက
ခံစားတတ်တဲ့ နှလုံးသားအကြောင်း
ဆန့်ကျင်ဖော်လှစ် စောင်းမြောင်းဆိုကြတယ်။   ။', 'Poem', 1362113576992, '97e0e141-42a1-40fb-809d-d7f52be05f85');
INSERT INTO records (_id, date, hours, minutes, seconds, day, month, year, note_title, note_text, category, upd_time, guid) VALUES (101, 1041339623721, NULL, NULL, NULL, NULL, NULL, NULL, 'အဖြေမဲ့', 'မျောလွင့်မှု အတိုင်းအဆမဲ့
ဆဒ္ဒနဲ့တဲ့တဲ့ကို ဖက်တွယ်ရင်း
တွယ်တာခြင်း ထာဝစဉ်တည်ဖို့
အချိန်တို့ရဲ့ တိုက်စားမှုအောက်
မှောက်လေတဲ့ အချစ်ငှက်ငယ်
ဘယ်ဝယ်သောင်ကမ်းဆီ
မြန်းချီကြွ ခိုနားခွင့်ရမှာလဲ
မျှော်လင့်လို့ နေဆဲပါကွယ်။

သည်နယ်က ဆန်းကြယ်လှ
ဘဝထဲဆွဲသွင်း ကမိမှ
ဒဏ်ရာမဆ ပိုက်ထားရပြီ
မထီတရီ ပြီတီတီနဲ့
ပျော်ခွင့်ဖွဲ့ လိုဟန်ပြပြပြီး
နှိပ်စက်မှုကြီးသာ ဆက်ပေးတော့
အတွေးတို့ကြား ဝေသနာထင်လို့
နှလုံးသားတို့ သေဖို့ဖြစ်သွားတယ်။   ။', 'Poem', 1362113596085, '7e4e1f01-54f4-4bac-9fc9-5a8962e02e14');
INSERT INTO records (_id, date, hours, minutes, seconds, day, month, year, note_title, note_text, category, upd_time, guid) VALUES (102, 1007038823721, NULL, NULL, NULL, NULL, NULL, NULL, 'ထာဝရ', 'ထာဝရဆိုမယ့် ချစ်စကား
တစ်ကြိမ်မက ပြောကြားချင်လည်း
ရင်ထဲစွဲတဲ့ အချစ်ကို
အပြစ်လို သူယူဆ
ထာဝရပစ်သွားမှာလား။

ထာဝရမဆုံး 
အမုန်းမရှိတဲ့ အချစ်နဲ့
သူ့ကိုကြင်နာချင်ပေမယ့်
ထဝရမရပ်တဲ့ 
အလွမ်းဇာတ်ကို
သူခင်းသွားမှာလား။

ထာဝရဖွဲ့ သံယောဇာဉ်နဲ့
သူ့ကိုမမေ့နိုင်လည်း
အသည်းအနာရအောင်
ထာဝရခွဲခွာ မတွေ့ချင်ပါလို့
သူပြောရက်တယ်ကွာ။   ။', 'Poem', 1362113621003, 'bc617919-5393-4ea7-987a-7530c8bd7bfc');
INSERT INTO records (_id, date, hours, minutes, seconds, day, month, year, note_title, note_text, category, upd_time, guid) VALUES (103, 1038920423721, NULL, NULL, NULL, NULL, NULL, NULL, '၏ အချစ်', 'အချိန်တွေက တစ်လ
အချစ်က တစ်ဘဝအတွက်
မျှော်လင့်ချက် ထားခဲ့မှ
ဖဲ့ခွာရက်စက် စကားနဲ့နှိပ်စက်
“မတွေ့ချင်သူ”လို့ ပြောရက်တယ်။

“မလာနဲ့” သူဆိုတဲ့စကား
အချစ်များနဲ့ ပယ်ရှားပြီး
သွားခဲ့သူကို အပြစ်ယူ
ချစ်သူကို မုန်းရက်တယ်။

ချစ်သူကို ပင်ပန်းတယ်ရယ်လို့
ရှောင်ဖို့ရန် ကြင်နာဟန်နဲ့
ဆိုတတ်ခဲ့သူရယ်
မတွေ့အောင် တမင်စိမ်း
သူရှောင်တိမ်းခွာတော့
ဖြေရှင်းခွင့်မရှိတဲ့ ကိုယ့်မှာ
ရင်နာတာ အသူသိလိမ့်ထင့် (ဘယ်သူသိမှာလဲ)။   ။', 'Poem', 1362113643426, 'fb915f8b-6fc8-421c-a1fd-5cad5ab91595');
INSERT INTO records (_id, date, hours, minutes, seconds, day, month, year, note_title, note_text, category, upd_time, guid) VALUES (104, 1007384423721, NULL, NULL, NULL, NULL, NULL, NULL, 'နားလည်ပါ', 'ချစ်သူရေ
နားလည်ပေးဖို့ သူဆိုပြီး
အနေမနီးအောင် သူခွာ
ကိုယ့်မှာတော့ နားလည်သူရှားခဲ့။

ချစ်သူရေ
ပယ်ဖျက်မှု သူ့စကားကြား
အခွင့်များရရင် ကြင်နာဖို့
တောင်းပန်လို့ အသနားခံတော့
နားခံသာအောင် အကြောင်းပြ
နာကျင်အောင်မှ ပြုရက်တယ်။

ချစ်သူရေ
တွေ့ချင်လို့ လာသူရင်ကို
နာကျင်အောင်ပြု
မှားသည်ဟု ဆိုဟန်နဲ့
စိတ်ဆိုးသလို မုန်းဟန်ပြ
မတွေ့ချင်ပါတဲ့ ထားခဲ့ရက်တယ်။   ။', 'Poem', 1362113662426, '66633482-a830-4c24-a80a-414208a2eecf');
INSERT INTO records (_id, date, hours, minutes, seconds, day, month, year, note_title, note_text, category, upd_time, guid) VALUES (105, 1042030823721, NULL, NULL, NULL, NULL, NULL, NULL, 'ယုံကြည်မှု', 'ပေးဆပ်ခဲ့တဲ့ ဝေသနာများ
ပျော်စရာနဲ့ လဲမလား ထင်ယောင်မိဆဲ။

ထာဝရရှိမယ့် အချစ်တို့က
ပိုင်ဆိုင်ခွင်ရမယ် မျှော်လင့်ထား
အခြားရင်ခွင်မှာ ပျော်နေသူကို
တမ်းတပိုနေမိဆဲ။

ရင်ခွင်ထဲ တစ်ခါခိုဖူးသူက
ပြေးထွက်လို့ သွားမှ
ခံစားချက်က ဆို့နစ်နေလို့
ပေးဆပ်ဖို့ အရှုံးပေးရမှာလား။
ယုံကြည်ချက်တစ်ခု
အချစ်တစ်ခုနဲ့
အချိန်တစ်ကွေ့မှာ
ပြန်တွေ့လာမယ် မြင်ယောင်ဆဲ
စောင့်မျှော်လည်း မရေရာတော့
စိတ်ဓာတ်က ကျပြီပေါ့။   ။', 'Poem', 1362113681477, 'a8ec3916-b3ab-4f7c-ace7-27596912ef79');
INSERT INTO records (_id, date, hours, minutes, seconds, day, month, year, note_title, note_text, category, upd_time, guid) VALUES (106, 1045746023721, NULL, NULL, NULL, NULL, NULL, NULL, 'အဖြစ်များ', 'ချစ်တတ်တဲ့စိတ်
အသည်းထိတ်ထိတ် မျှော်လင့်ထား
ကာလများက အလွမ်းခြားနေလို့
ဆုံဖို့ရက်ကို တမိတယ်။

နွမ်းလျတဲ့ဖြစ်အင်
အကြင်နာရှင်ရဲ့ ထွေးပိုက်မဲ့ရက်ကို
မျက်ရည်စိုစိုနဲ့ မျှော်မိတယ်။

အချိန်တို့က ခြောက်ကပ်မှ
တမ်းတလို့ နေစဉ်ထဲ
ဝိုးတဝါး မသဲကွဲတဲ့ အရိပ်တစ်ခု
ဖမ်းယူဆုပ်ပြုဖို့ ကြိုးစားရင်း
ကွယ်ပျောက်လို့ နာကျဉ်စေ
ဒဏ်ရာတွေများတဲ့ အသည်းနဲ့
ကြင်နာချင်ဆဲ စိတ်အစဉ်ကို
အပြစ်လိုလို ထင်မိရင်း
လူးလွန့်ခြင်းနဲ့ အသက်မဲ့။   ။', 'Poem', 1362113729471, '04b9e245-0e1a-4862-8181-ee039ccd1bad');
INSERT INTO records (_id, date, hours, minutes, seconds, day, month, year, note_title, note_text, category, upd_time, guid) VALUES (107, 1045746023721, NULL, NULL, NULL, NULL, NULL, NULL, 'ခါးသီးခြင်း', 'ဘဝခါးခါးမှာ
ကံကြမ္မာကစားရာ ကျင်လည်ရင်း
နာကျဉ်ခြင်း အချစ်ပွဲကို
အရှုံးတွေ ပိုပိုပိုက်ထွေး
ခဏလေးမျှ မပျော်ပိုက်မိ
ဒဏ်ရာအတိနဲ့ အချစ်ငတ်သမားပါ။

ဝေသနာ ခါးခါးက
ရင်နဲ့အမျှ ထပ်ဆောင်းနှိပ်စက်
ရက်ရက်စက်စက် ခံစားရင်း
အကျဉ်းခံနေရ စိတ်အသိနဲ့
ချိချိနဲ့ ခြေလှမ်းတိုင်းက
အနာဂတ်ရဲ့ နေ့ရက်တို့မှာ
လှပလာမလား မတွေးတတ်ပြီ
ဘယ်ဆီမှာ သာယာမလဲ
ကန္တာရထဲ ဝဲလည်ဆဲမို့
နားလည်သူလည်း ရှာမရပါ။   ။', 'Poem', 1362113743281, '833aeba1-059b-4fcb-8e39-f4a9348983fd');
INSERT INTO records (_id, date, hours, minutes, seconds, day, month, year, note_title, note_text, category, upd_time, guid) VALUES (108, 1051362023721, NULL, NULL, NULL, NULL, NULL, NULL, 'ထူးခြားချက်', 'လွမ်းရယ် မပြေတပြေ
တမ်းတလေလေ ဆွေးနေပါမှ
ခဏမျှပင် မေ့မရဘု
သူပြုရက်တာ အပြစ်မဆိုသာလည်း
ချစ်နေဆဲ သည်ရင်ခွင်မှာ
နာကျဉ်တာ တစ်ခါထပ်ဆင့်။

ကြင်နာခွင့် မကြုံသေးရင်
ဖြစ်အင်ကိုကြည့် နွမ်းလျဘိသွင်
သူမြင်လျှင် စာနာနိုင်လိမ့်ထင့်။

မိန်းမလှတို့အသွင်
တောင်ပမာထင် တင်စားချင်မိ
အဝေးကြည့်နဲ့ အနီးကြည့်မှာ
ပုံဟန်ပန်ခြင်း ထူးခြားတာမို့
သူ့ကိုသိဖို့ အခက်ဖြင့်ကြုံ
တွေးချင့်ယုံလည်း မတတ်တော့။

ဝေးသင့်ရုံလည်း လွမ်းနေပေါ့။   ။', 'Poem', 1362113759912, '197de132-1b97-46eb-a032-b0403d1d1e18');
INSERT INTO records (_id, date, hours, minutes, seconds, day, month, year, note_title, note_text, category, upd_time, guid) VALUES (109, 1051448423721, NULL, NULL, NULL, NULL, NULL, NULL, 'ယှဉ်မိတော့', 'အများတကာ ချစ်သူတို့
အကြင်နာဖလှယ်လို့ ချစ်တင်းနှော
ချစ်ဇောမသတ် တွယ်တာပို
အလွမ်းကို သတိပင်မရနိုင်အား
ဖက်တွယ်ထားမယ့် လက်အစုံ
ယုံကြည်ပုံအပ် ချစ်ကြပုံ။

အများတကာ ချစ်သူတို့ကို
အားကျပို ကြည်နူးမိတော့
ချစ်သူမသိ ကိုယ့်ရင်မှာ
ဝေသနာသာ အစွန်းထင်
အလွမ်းတွင် အနာဆင့်
အချစ်စိတ်သင့် အဖော်မစုံ
ထားရက်ခဲ့ပုံက တစ်ဘဝတဲ့။

နားလည်သူမဲ့ အပျော်နဲ့ဝေး
ချစ်တဲ့သူပေးခဲ့ အဆွေးနဲ့ဒဏ်ရာ
ဘယ်လောက်နာနာ ရက်စက်သူကို ဆက်ချစ်မှာပါ။   ။', 'Poem', 1362113777280, 'b96e8ad8-dba4-4ad5-91bd-ea066de1bb73');
INSERT INTO records (_id, date, hours, minutes, seconds, day, month, year, note_title, note_text, category, upd_time, guid) VALUES (110, 1051707623721, NULL, NULL, NULL, NULL, NULL, NULL, 'ပြုခဲ့သမျှ', 'အချစ်ဟောင်းဆိုတာနဲ့
မမုန်းရဲ့နဲ့ စွန့်ထားခဲ့တယ်။

အထင်မသေးဖို့ ပြောခဲ့လို့
အထင်ကြီးလွန်လို့ ပစ်ခဲ့တယ်။

တွေ့ဆုံကြဖို့ ပြောခဲ့လို့
ကြင်နာပြင်းလို့ တားခဲ့တယ်။

အချစ်စစ်သေချာဆိုမှ
အမှတ်မရ ခွဲထားခဲ့တယ်။

အားလုံးထက်ပို ချစ်ကြောင်းဆိုမှ
နားလည်မှုမရ ဝေးခဲ့တယ်။

အလွမ်းရက်က ခံခက်တာမို့
ပြန်ဆုံကြစို့ဆိုမှ
သူတစ်ပါးနဲ့ တွဲပြခဲ့တယ်။

သူပေးခဲ့တဲ့ ဝေသနာ
အချစ်ပိုစွာ ထွေးပိုက်ရင်း
မျှော်လင့်ခြင်းနဲ့ ဝေးစေရက်တယ်။   ။', 'Poem', 1362113795415, '06436c5e-f97c-4126-82cb-162d5c7bdba5');
INSERT INTO records (_id, date, hours, minutes, seconds, day, month, year, note_title, note_text, category, upd_time, guid) VALUES (111, 1053003623721, NULL, NULL, NULL, NULL, NULL, NULL, 'ပလူ (သို့) ဖလံ', 'တောင်ဘို့ငယ်အဖြစ် အသိုက်ဖွဲ့ကာ
စည်းလုံးခြင်းရဲ့ အင်အားနဲ့ပါ
တဖြည်းဖြည်း အချိန်ကြာတော့
တောင်ဘို့က ကြီးလှပေါ့။

အသိုက်ဖွဲ့သူဘဝ အဆုံးတွက်
တောင်ပံနှစ်စုံနဲ့ အပျော်ဆက်
ပျံသန်းမြူးလျက် မီးကိုတိုး
ပလူဆိုးအဖြစ် အတောင်ကျိုးပျက်
နောက်ဆုံးအချိန်ရဲ့ ထွက်သက်။

ကြိုးစားခြင်း လက်ဆောင်မှာ
ပျော်စရာသာ ထင်ထားတော့
အန္တရယ်များ မတွေးနိုင်ပြီ
အရူးပီပီ ကြည်နူးမှ
ဘဝများ အဆုံးမလှ။

ဖလံကောင်ငယ် မီးကိုတိုး
ကိုယ်ကျိုးနဲတဲ့ ဖြစ်အင်သာ။   ။', 'Poem', 1362113811590, '24812d1c-4bbf-4be9-af49-818341cfc390');
INSERT INTO records (_id, date, hours, minutes, seconds, day, month, year, note_title, note_text, category, upd_time, guid) VALUES (112, 1059570023721, NULL, NULL, NULL, NULL, NULL, NULL, 'ရင်ထဲကအမေး', 'နားလည်ပေးမယ့် လက်အစုံ
ဘယ်ပုံဟန်နဲ့ သူပြုလေမလဲ။

ချိုလွင်နွဲ့မယ့် နှုတ်ခမ်းလွှာစုံ
တောင်ပံပုံသို့ ဘယ်တော့ဟမလဲ။

ကြင်နာဖွဲ့မယ့် မျက်နက်အစုံ
တွယ်တာပုံနဲ့ ဘယ်တော့ညို့မလဲ။

အချစ်ရည်ပြည့်တဲ့ နှလုံးသားတစ်စုံ
ရှိုက်ခွင့်ကုန်ရက် ဘယ်တော့လဲ။

မေ့ပုံမေ့ရစ် ပြောတတ်သူ
အမုန်းဖြစ်ရက် ရှိလာမလား။

အလွမ်းကြားထဲ နေရသူကို
အပြစ်လိုလို ယိုးစွတ်လို့
ထားရစ်ဖို့ တွေးတတ်ခဲ့တယ်။

နှလုံးသားက ငိုငြီးသံ
နာခံရင်း မောမောလှိုက်
ရက်စက်မှု၌ ရှုံးခဲ့တယ်။   ။', 'Poem', 1362113830536, '1b918513-d3cf-41f5-9b67-19db9506ce8d');
INSERT INTO records (_id, date, hours, minutes, seconds, day, month, year, note_title, note_text, category, upd_time, guid) VALUES (113, 1059570023721, NULL, NULL, NULL, NULL, NULL, NULL, 'ကာလ', 'သိကျွမ်းခဲ့ရတဲ့ နေ့တစ်နေ့
တွယ်တာမှုတွေနဲ့
ခင်မင်ခဲ့တယ်။

စကားလေးနဲ့ အစဖွဲ့တဲ့
ချစ်ရက်ကို တည်စေခဲ့တော့
စရေတွက်ပေါ့ တစ်ဇာတ်လမ်း
လျှောက်စမ်းသွားမိတယ်။

တွက်ရေစစ်တော့ တစ်ကြိမ်အနမ်းကို
အချစ်ပိုလို့ ပေးမိတော့
နှုတ်ဆက်ခွဲထားခဲ့တယ်။

တစ်စတစ်စနဲ့ အချိန်တွေညို
နေ့ရက်တို့ကို ရေတွက်ရင်း
လွမ်းချင်းတို့သာ ပြည့်ခဲ့တယ်။

တမ်းတရင်းနဲ့ ဆုံချင်သေးတော့
သူ့ရဲ့အချစ်တို့ မျှော်လင့်
ရက်အဖြစ်ကို တွက်မိတယ်။   ။', 'Poem', 1362113847062, 'b1ce7b32-995c-4a06-a89b-74b6a1cc8654');
INSERT INTO records (_id, date, hours, minutes, seconds, day, month, year, note_title, note_text, category, upd_time, guid) VALUES (114, 1062421223721, NULL, NULL, NULL, NULL, NULL, NULL, 'နေ့', 'ပြည့်စုံတဲ့ နေ့ဖြစ်ဖို့က
သူမှ အနားမရှိဘဲကွယ်။

လှပတဲ့နေ့ ဖြစ်ဖို့က
သူ့အပြုံးမှ မမြင်ရဘဲကွယ်။

သာယာတဲ့နေ့ ဖြစ်ဖို့က
သူ့ကြင်နာစကားမှ မကြားဘဲကွယ်။

ပျော်စရာကောင်းတဲ့ နေ့ဖြစ်ဖို့က
သူ့ကျီစယ်မှုမှ မရဘဲကွယ်။

ချိုမြိန်တဲ့ နေ့ဖြစ်ဖို့က
သူ့အနမ်းမှ မခဘဲကွယ်။

ကြည်နူးရတဲ့ နေ့ဖြစ်ဖို့က
သူတွယ်တာလက်မှ မဖက်ဘဲကွယ်။

အလိုပြည့်တဲ့ နေ့ဖြစ်နိုင်ဖို့
သူ့အချစ်တို့ ပေးပါမှ
အဖော်မဲ့နေ့ ပျောက်မှာထာဝရ
မလွမ်းရအောင် ဖန်ဆင်းပါကွယ်။   ။', 'Poem', 1362113880129, '1695370a-277a-480c-a8b6-ed7c9a274612');
INSERT INTO records (_id, date, hours, minutes, seconds, day, month, year, note_title, note_text, category, upd_time, guid) VALUES (115, 1064581223721, NULL, NULL, NULL, NULL, NULL, NULL, 'ဘာ့ကြောင့်လဲ', 'အချစ်မှန်းမသိခင်
ချစ်တတ်တဲ့ ရင်ခွင်ကိုကန်
မုန်းလေဟန်နဲ့ ဖဲ့ခွာရက်တယ်။

ရင်ခွင်မှာ ဟာတာတာနဲ့
သံယောဇာဉ်ရဲ့ ကြိုးတစ်စင်း
မတင်းလည်း ပြတ်နိုင်ဘဲကွယ်။

ဘယ်သူမှမသိတဲ့ အချစ်ကို
စောင့်ဆည်းပိုလို့ မျှော်နေလည်း
ဆုံခဲ့တဲ့ အဖြစ်က ရင်နာစေတယ်။

တွေ့ဆုံနေကျ မျက်ဝန်းကို
မေ့လို့မရ စွဲလန်းတော့
ပြန်မြင်ရ အချိန်တိုင်း ငိုမိတယ်။

အလွမ်းရယ်နဲ့ အဖော်ဖွဲ့
နေခဲ့ရက်တို့ ကုန်ခဲတိုင်း
ကြင်နာပိုင်းဖြတ် ပြေးသူကို
တမ်းတပိုလို့ နေမိဆဲကွယ်။   ။', 'Poem', 1362113901131, 'dc007edb-b430-4d91-aea7-7a336fcb96e0');
INSERT INTO records (_id, date, hours, minutes, seconds, day, month, year, note_title, note_text, category, upd_time, guid) VALUES (116, 1072875623721, NULL, NULL, NULL, NULL, NULL, NULL, 'လမိုက်ည', 'တစ်ယောက်သောသူက
သူ့ရဲ့အချစ်ကို ပေးဖို့မေ့လည်း
အလွမ်းထဲက ကိုယ့်မှာ
ပျော်စရာ ဝေးကွာခဲ့။

ညတစ်ညရဲ့ ကမ္ဘာ
ရင်နာနာနဲ့ ဖြတ်ကူးရင်း
နှစ်သစ်သို့ ချဉ်းမဲ့အချိန်
လွမ်းချင်းကိုသာ ဆိုရဦးမှာလား။

နေ့ရက်တွေရဲ့ ရှင်သန်မှု
အချစ်တစ်ခုနဲ့ သူပြုမှ
အကြင်နာဖွဲ့ နွေးထွေးည
လှပလို့ လာလိမ့်မယ်။

ပြန်လာပါစေ ကိုယ့်သွေးတွေက
သူ့ရဲ့အပြုံးလေးကို တမ်းတလို့
အားအင်ဖြည့်ဖို့ လိုတဲ့ဘဝ
ဘယ်တော့မှ သူနဲ့ဆုံနိုင်မလဲကွယ်။   ။', 'Poem', 1362113917237, 'e3eef0cd-4ff8-45fe-9529-39eac4c42eac');
INSERT INTO records (_id, date, hours, minutes, seconds, day, month, year, note_title, note_text, category, upd_time, guid) VALUES (117, 1072875623721, NULL, NULL, NULL, NULL, NULL, NULL, 'မချစ်တတ်သူအတွက်', 'ရင့်ကျက်တဲ့ အချစ်နဲ့
မရင့်ကျက်တဲ့ နှလုံးသားကို
ဖြည့်လို့ထားတော့
တည်ငြိမ်ယောင် ဆောင်တဲ့စိတ်က
တစ်ခါတစ်ခါ ငိုမိရ။

သွက်လက်တဲ့ အလှပိုင်ရှင်
ကြင်နာချင်တတ်တဲ့ အသည်းမဲ့
စိမ်းနေတတ်တဲ့ အတွေးနဲ့
ချစ်ခဲ့တဲ့ သူတစ်ယောက်ကို
မျှော်လင့်ပိုလို့ စောင့်မိတော့
နှလုံးသားရဲ့ လွမ်းချင်းမှာ
မဆုံးနိုင်ရှာတော့။

အကာအကွယ်မဲ့ နေ့ရက်ရှည်
သေဆုံးနေတဲ့ အပျော်တွေအတွက်
ဆေးတစ်စက် သူ့အကြင်နာကို
နားလည်ပိုလို့ ကုစားပေးပါကွယ်။   ။', 'Poem', 1362113931868, '13b7f04b-6dcb-469d-ae7f-77af8aa05bd1');
INSERT INTO records (_id, date, hours, minutes, seconds, day, month, year, note_title, note_text, category, upd_time, guid) VALUES (118, 1075640423721, NULL, NULL, NULL, NULL, NULL, NULL, 'လိုအပ်ရာ', 'ရင်ခုန်စရာ ကောင်းတဲ့ဘဝက
သူအနားရှိမှပါ။

ပျော်စရာ နေ့ရက်တို့က
သူဖန်တီးမှရမှာပါ။

နာစရာကင်းတဲ့ အချိန်တို့က
သူကြင်နာမှ ပြန်ရမှာ။

မောပန်းမှု မရှိဘဲ လှုပ်ရှားဖို့က
သူပြုံးပြမှ ဖြစ်မှာပါ။

သာယာတဲ့ဘဝ တည်ဆောက်ဖို့က
သူအားပေးမှ လုပ်နိုင်မှာ။

အဓိပ္ပာယ်ရှိတဲ့ ရှင်သန်မှုက
သူနားလည်ပေးမှပါ။

သေလုလုနှလုံးသားကို
အသက်ဆက်ပေးနိုင်ဖို့
နွေးထွေးတဲ့ သူ့ရင်ခွင်က
အချစ်တစ်ခုသာ ကုစားနိုင်တာပါကွယ်။   ။', 'Poem', 1362113949226, '614fcbbc-43f1-4ec5-b0a4-2eba97f3219f');
INSERT INTO records (_id, date, hours, minutes, seconds, day, month, year, note_title, note_text, category, upd_time, guid) VALUES (119, 1072270823721, NULL, NULL, NULL, NULL, NULL, NULL, 'အဖြေတစ်ခု', 'ညညတိုင်းရဲ့ အိပ်မက်ကမ္ဘာ
သူကလေးလာလာ စိုးမိုးတော့
ဆောင်းနတ်သမီးလေးခဗျာ ငိုရှာတယ်။

တမ်းတခြင်းများရဲ့ မိုးသောက်ယံ
သူကလေးထံ ပြန်ခွင့်ရမလားလို့
အလွမ်းတို့နဲ့ မျှော်မိမှ
အဖြေရှာမရနိုင်ပြီကွယ်။

အချစ်ရက်နဲ့ လွမ်းရက်
ချိန်စက်ကြည့်ရ နေ့များမှာ
ကြင်နာခြင်းမဲ့ ခရီးသည်
ဘယ်ဝယ်နားခိုရာ ရှိမလဲကွာ။

ဒဏ်ရာအတိဖွဲ့ နှလုံးသားကို
အသစ်လိုလို နိုးထဖို့
ဖန်ဆင်းလို့ ပေးနိုင်သူက
ဘယ်တော့ပြန်လာမယ်မှန်းမသိလို့
ငိုပွဲကထွက်ဖို့ မတတ်တော့ပါ။   ။', 'Poem', 1362113965571, 'edcac2cc-4093-4e70-b9b9-99765e0d8051');
INSERT INTO records (_id, date, hours, minutes, seconds, day, month, year, note_title, note_text, category, upd_time, guid) VALUES (120, 1073394023721, NULL, NULL, NULL, NULL, NULL, NULL, 'ပုံသေကြောင့်', 'ကဗျာ့နှလုံးသား အပဲ့လည်း
ခြောက်ခမ်းလေတဲ့ ကံအကွဲမှာ
ရှားပါးလာတဲ့ ခံစားမှုအောက်
ကာရံလည်း မမြောက်နိုင်တော့။

လွမ်းချင်းလည်း ဆိုရန်ခက်
တမ်းတချက်က မရေရာလို့
အပျော်တို့ရဲ့ ဝေးရာ
ကန္တာရကမ္ဘာငယ်မှာ
အထီးကျန်စွာ နေစေပြီပေါ့။

မှန်းမရတဲ့ နေ့ရက်ရှည်
မနက်ဖြန်တွေက မထူးဆန်းဘဲ
မနေ့ကလိုပဲ ပြောင်းလဲမသွား
ရင်ခုန်ခြင်းများရှားလို့
ဖယ်ခွာဖို့လည်း မတတ်နိုင်
ယိုင်တိုင်တိုင် အတွေးနဲ့တော့
အသက်ဆက်ဖို့ ခက်ပြီပေါ့။   ။', 'Poem', 1362113985037, '6aa97d35-e35a-4eb3-b0ed-81cdac25938b');
INSERT INTO records (_id, date, hours, minutes, seconds, day, month, year, note_title, note_text, category, upd_time, guid) VALUES (121, 1077195623721, NULL, NULL, NULL, NULL, NULL, NULL, 'အရှုံးမပေးနဲ့', 'အားတင်းထားပါ ချစ်သူရေ
ကြယ်ကလေးတွေ ဟိုအဝေးမှာ
လမင်းစန္ဒာ ထွက်အလာကို
မျှော်နေကြလေတယ်
လဆုတ်လကွယ် လမိုက်ညလည်း
သူတို့ အားမလျော့ကြဘူးကွယ်။

အားတင်းထားပါ ချစ်သူရေ
နေမင်းသူရိန်နဲ့ သော်တာလတို့
ဆုံဖို့ခက်တယ် ဆိုပေမယ့်
တစ်လမှာ တစ်ခါမက
ချောင်းကြည့်ခွင့်ရကြတယ်။

အားတင်းထားပါ ချစ်သူရေ
အချိန်တွေ တိုက်စားတိုင်း
လျော့မသွားနိုင်တဲ့ အချစ်တို့
ရင်မှာ ဖွဲ့တည်ထားရင်
တစ်နေ့တွင်တော့ ဆုံနိုင်ပါတယ်ကွယ်။   ။', 'Poem', 1362113999013, '4cd3b4d7-81db-40ce-8245-b3e0f197ca0e');
INSERT INTO records (_id, date, hours, minutes, seconds, day, month, year, note_title, note_text, category, upd_time, guid) VALUES (122, 1085058023721, NULL, NULL, NULL, NULL, NULL, NULL, 'အပြစ်ဖို့စရာ', 'မေ့မရတဲ့ အချိန်တိုင်း
အသည်းရိုင်းက နာကျဉ်
ကြင်နာချင်တဲ့ စိတ်အစဉ်နဲ့
ချစ်ခဲ့တဲ့ သူတစ်ယောက်ကို
အမြဲလိုလို တမ်းတမိတယ်။

ပေါက်ပြဲနေတဲ့ နှလုံးသားနဲ့
လူကြားထဲ ဝင်မိတော့
ရင်ထဲက သူ့ပုံလွှာ
မြင်ယောင်ကာတမိ
သူမရှိတဲ့ မြင်ကွင်းမှာ
အရိပ်လာလာ ဟတ်ထင်မှ
ငိုမရအောင် လွမ်းလွန်းလှ။

မမျှမတ ကံကြမ္မာဆင်
ပေါင်းစေချင်လည်း ခွဲမထားနဲ့
ဝေးမှာဆိုလည်း မတွေ့နဲ့ပေါ့
အခုတော့ ရက်စက်သည် မပြောနိုင်တော့။   ။', 'Poem', 1362114019480, '5a84c999-60b1-4e9b-979b-b1944fb472fd');
INSERT INTO records (_id, date, hours, minutes, seconds, day, month, year, note_title, note_text, category, upd_time, guid) VALUES (123, 1088082023721, NULL, NULL, NULL, NULL, NULL, NULL, 'ယုံဖို့ခက်', 'ဝေးနေချိန် များနေမှ
ဆုံချိန်က ရှိပါ့မလားလို့
မျှော်လင့်လို့ မရဲဘူးကွယ်။

ပေးဆပ်မှုတွေ များနေမှ
ကြင်နာရက်က ရှိပါ့မလားလို့
တမ်းတဖို့ ခက်တယ်ကွယ်။

စိမ်းကားရက်တွေ များနေမှ
ကြင်နာရက်က ရှိပါ့မလားလို့
မှန်းဆဖို့ မတတ်ဘူးကွယ်။

အလွမ်းတာတွေ ရှည်နေမှ
ချစ်အနမ်းရက် ရောက်မလားလို့
တွက်ဆဖို့ မတတ်နိုင်
သူ့အတွက် အချစ်က ခိုင်သေးတယ်ကွယ်။   ။', 'Poem', 1362114042346, '5ab1d62e-e12e-4733-aca0-a3505db0c14e');
INSERT INTO records (_id, date, hours, minutes, seconds, day, month, year, note_title, note_text, category, upd_time, guid) VALUES (124, 1092747623721, NULL, NULL, NULL, NULL, NULL, NULL, 'ရှေ့ရေးမှာ', 'အထီးကျန် ရက်တွေက
နှလုံးသားကို ဆွဆွပြီး
အဓိပ္ပာယ်မဲ့ရက်ချည်း ပေးခဲ့တယ်။

ပျော်စရာနဲ့ ဝမ်းနည်းခြင်း
အဝေးချဉ်းပြီ ဆိုမှ
မျှော်လင့်ချက်က မဲ့ရက်တယ်။

ဘဝသေသလို ကံမွဲတော့
အပျင်းထဲမှာမျောပါ
မောဟနဲ့သာ နေမိတယ်။

ဘယ်ဆီဘယ်စခန်း
မှန်းဆခက် ရှင်သန်ခြင်းနဲ့
ကြိုးစားရင်း စိန်ခေါ်ဖို့
ဘဝတိုက်ပွဲတို့ မရေရာ
ရောက်လာမယ့် မနက်ဖြန်မှာ
ဘယ်လိုလာ ကဖို့မသိ
အားပေးမည့်သူ လိုသေးတယ်။   ။', 'Poem', 1362114063782, '7e11e6fd-b004-4400-aa5f-6326b7ee1b79');
INSERT INTO records (_id, date, hours, minutes, seconds, day, month, year, note_title, note_text, category, upd_time, guid) VALUES (125, 1092747623721, NULL, NULL, NULL, NULL, NULL, NULL, 'မျောပါခြင်း', 'ဘယ်သူမသိ ဘာမှမရှိ
ဘဝ၏အနေစိမ်း
ရှောင်တိမ်းဖို့ခက် ကြမ္မာခါး
ဘယ်မှာများ လွတ်လမ်းရှိ
သတိမဲ့ရက် တွက်စစ်ခက်အောင်
သည်လူ့ဘောင် မာယာလှည့်
အင်အားမဲ့ တောင်းတခြင်း
အလင်းရောင်ကင်း အချိန်ပျက်
အသုံးခက်ရက်များစွာ
ရင်နာနာ ကျော်သွားလည်း
လောကထဲ ဝင်မရ
အကြင်နာပ ပြင်ရာမရ
ပျော်စရာက ဆိပ်သုန်း
ခံစားချက်က မုန်းလို့ခွာသလို
တိုင်ပင်ဆိုဖို့ အဖော်မရှိ
ဘယ်လိုမှန်းမသိတဲ့ ဘဝဟင်းလင်းပြင်ပဲ။   ။', 'Poem', 1362114080937, '2b388b9f-af4b-4308-b472-b12a5fc9a63b');
INSERT INTO records (_id, date, hours, minutes, seconds, day, month, year, note_title, note_text, category, upd_time, guid) VALUES (126, 1102165223721, NULL, NULL, NULL, NULL, NULL, NULL, 'နားခိုရာ', 'ပျံသန်းခဲ့တဲ့ ငှက်ငယ်ရယ်
အမောတွေ ပြေစေဖို့
နားခိုလို့ နေလိုလျှင်
ခိုဝင်လှဲ့ပါ
အချိန်တန် ပြန်ထွက်သွားလည်း
မတားထားပါကွယ်
ဟိုအဝေး တစ်နေရာရောက်တော့
နားခိုခဲ့ရာ နေရာဟောင်းကို
သတိရလို့ နေလေမလား
တမ်းတရင်း လွမ်းရမှာပါကွယ်။   ။', 'Poem', 1362114100351, '5af9ba7c-f658-4a05-8940-3ecdedd0c676');
INSERT INTO records (_id, date, hours, minutes, seconds, day, month, year, note_title, note_text, category, upd_time, guid) VALUES (127, 1102770023721, NULL, NULL, NULL, NULL, NULL, NULL, 'ခဏထဲမှာ', 'ကံကြမ္မာရယ် လှည့်စားရက်တယ်။

အချိန်ကမရှိဘဲ ဆုံတွေခြင်းနဲ့ဆွဲပြီး
ရင်ခြင်းနီးအောင် ဆောင်ချင်သလိုလိုနဲ့
အတိုင်းမဲ့တဲ့ ခံစားချက်ကို
တစ်စတစ်စဖြို ငိုစေချင်ရက်တယ်။

အဖော်မဲ့ နာကျဉ်တဲ့ရင်ခွင်
ခိုဝင်ကုစား သူပေးသလိုလိုနဲ့
ဆေးတစ်စက်မှ မသောက်နိုင်ခင်
တွင်တွင်ဝေးမယ် ဖန်ထားရက်တယ်။

ဆုံစရာမရှိ ဝေးမှန်းသိအောင်ပြုလို့
အနေနီးရ ပျော်စရာပြပြပြီး
ခဏခြင်းသာ ခွဲတော့မှာဆိုတော့
ကြင်နာချင်စိတ် ယိုဖိတ်ဖို့ခက်
အသည်းဖျက်မဲ့ ဇာတ်လမ်းတစ်ခု
စာနာမှုကင်း ဟားတိုက်ခြင်းနဲ့
သူပြုမှပြုတတ် ရက်ခဲ့တယ်။   ။', 'Poem', 1362496488109, '9b8f4c19-089c-44ab-a87e-6263dca851d7');
INSERT INTO records (_id, date, hours, minutes, seconds, day, month, year, note_title, note_text, category, upd_time, guid) VALUES (128, 1331557223721, NULL, NULL, NULL, NULL, NULL, NULL, 'မျှော်လင့်ခြင်း', 'ရင်မှာကွဲကြေ ဒဏ်ရာတွေနဲ့
အကြင်နာမဲ့ နေ့ရက်တွေ။

ရင်မှာစွဲနေ အချစ်တွေနဲ့
အကြင်နာဝေးတဲ့ နေ့ရက်တွေ။

ဘယ်ဆီနေ ချစ်စကား
လွင့်ပြယ်သွားပလား စိုးထိပ်နေ။

အတိတ်ကိုတမ်းတ မင်းမေ့မရတော့
အနားကရင်ခွင် နာကျဉ်နေတာ
မင်းလေး မသက်ညှာလည်း
စို့နင့်စွာနဲ့ပဲ ကိုယ်ငေးမောနေ။

တစ်ခါ တစ်ချက်တော့ စောင်းငဲ့ကြည့်ပါ
အဖြေမလာ အစာနာကင်း
ဘယ်လိုအဖြစ် အခင်းကြောင့်
ရက်စက်ခြင်း ပြုနိုင်အားတာလည်း
အသည်းနဲ့ရင်းပြီး ချစ်မိသူကိုယ့်မှာတော့
ကြေကွဲရင်း လွမ်းချင်းနဲ့ စောင့်မျှော်နေ။   ။', 'Poem', 1362114141823, 'a358160c-dd54-4719-9d27-5338e17b45a0');
INSERT INTO records (_id, date, hours, minutes, seconds, day, month, year, note_title, note_text, category, upd_time, guid) VALUES (129, 1332680423721, NULL, NULL, NULL, NULL, NULL, NULL, 'အဖြစ်', 'အဆုံးမရှိတဲ့ အချစ်နဲ့
ကံကြမ္မာ လှည့်စားမှုအောက်
မေ့ပျောက်မရအောင် ချစ်မိတယ်။

ချစ်ခြင်းငယ်ပြိုင် မရှုံးနိုင်လည်း
သူ့ရင်ထဲမှာ နေရာမဦးနိုင်လို့
ရင်နင့်ဖို့ပဲ ဖြစ်ခဲ့တယ်။

အချစ်ဦးသူတစ်ယောက် ရင်ကိုနှောက်လို့
ငွေမျက်ရည်စို့ သူငိုဖို့ဖြစ်အင်
မမြင်ရက်သူ ကိုယ့်အတွက်
ဒဏ်ရာချက်ပဲ ဖြစ်ခဲ့တယ်။

သူရွေးချယ်ရာ သူ့စကား
ကိုယ့်ရင်ကို ခွဲသွားတော့
ကြေကွဲခြင်းသာ အဖော်ပြုခဲ့
နားခိုသူမဲ့ ရင်ခွင်မှာ
မျှော်လင့်စရာ မရေရာမှ
နာကျဉ်တာက ဘဝ ဖြစ်ခဲ့တယ်။   ။', 'Poem', 1362114160718, 'a6544a89-6eb4-4bdf-801f-1eb0f87817b5');
INSERT INTO records (_id, date, hours, minutes, seconds, day, month, year, note_title, note_text, category, upd_time, guid) VALUES (130, 1275397223721, NULL, NULL, NULL, NULL, NULL, NULL, 'အရှုံးနဲ့ အချစ်', 'အရှုံးက တစ်ကြိမ်မကတော့
ရိုးနေပြီပေါ့လို့ ဆိုချင်လည်းဆို
ရင်မှာတော့ပိုပြီး မခံစားမိသေးဘူး။

အချစ်က တစ်ဘဝစာမကတော့
မျိုသိပ်နိုင်တာပေါ့လို့ ဆိုချင်လည်းဆို
ရင်မှာပိုလို့တော့ မခံစားမိသေးဘူး။

သည်ရင်ကိုရင်းပြီး အရှုံးခြင်းထပ်
အချစ်ဇာတ်တစ်ခုကိုဆက်ပြီး
နီးနိုင်မလား မျှော်လင့်ရင်းနဲ့…

အတူတူအနားနား ရှိနေခဲ့ဖူးလည်း
ဘဝထဲ ခေါ်ဖို့ ခက်ခဲနေလို့
ရင်စို့စို့နဲ့
အချစ်ရက်တွေကို မဖန်ဆင်းနိုင်ခဲ့။

အချစ်မသိသူက အမှတ်မရလို့
အဝေးသို့ သွားမယ်ဆို
ဘယ်လိုအကြောင်းနဲ့မှ
တားဖို့မှာက ကိုယ့်အဖို့ မရဲခဲ့ပါကွယ်။   ။', 'Poem', 1362114187708, '805d7833-d651-44ed-8fd7-1c71469c8eae');
INSERT INTO records (_id, date, hours, minutes, seconds, day, month, year, note_title, note_text, category, upd_time, guid) VALUES (131, 1333371623721, NULL, NULL, NULL, NULL, NULL, NULL, 'အခြားတစ်ယောက်ကြောင့်', 'အဲဒီတစ်ယောက်က မင်းကို
ဘယ်လောက်ချစ်လို့လဲ။

အဲဒီတစ်ယောက်က မင်းကို
ဘယ်လောက် ကြင်နာဖူးလို့လဲ။

အဲဒီတစ်ယောက်က မင်းကို
ဘယ်လောက် ဂရုစိုက်ဖူးလို့လဲ။

အဲဒီတစ်ယောက်က မင်းကို
ဘယ်လောက် ရင်ခုန်စေခဲ့ဖူးလို့လဲ။

အဲဒီတစ်ယောက်က မင်းကို
ဘယ်လောက် ပျော်အောင်လုပ်နိုင်မှာမို့လို့လဲ။

အဲဒီတစ်ယောက်က မင်းကို
ဘယ်လောက် စာနာဖူးလို့လဲ။

အဲဒီတစ်ယောက်က မင်းကို
ဘယ်လောက် နွေးထွေးမှု ပေးဖူးလို့လဲ။

အဲဒီတစ်ယောက်က မင်းကို
ပေးနိုင်တာတွေ အားလုံးထက်
ကိုယ်တစ်ကယ် ပိုပေးနိုင်တာ
မင်းလေးမသိဟန် ဆောင်နေတာလား
မင်းလေး မသိနိုင်တာလားကွာ။   ။', 'Poem', 1362114215895, 'cfbd6956-aad7-4193-8a2c-25d218fa3753');
INSERT INTO records (_id, date, hours, minutes, seconds, day, month, year, note_title, note_text, category, upd_time, guid) VALUES (132, 1334926823721, NULL, NULL, NULL, NULL, NULL, NULL, 'သူ့စကား တစ်ခွန်းထဲပါ', 'အသက်မဲ့တဲ့ ဘဝကို ကုစားနိုင်တာ
သူ့စကား တစ်ခွန်းထဲပါ။

ပြောင်းလဲခြင်းတွေကို ဖန်ဆင်းနိုင်တာ
သူ့စကား တစ်ခွန်းထဲပါ။

မျှော်လင့်ခြင်းတွေရဲ့ အဆုံးသတ်ဟာ
သူ့စကား တစ်ခွန်းထဲပါ။

ပျော်ရွှင်ခြင်းတွေကို ရပ်တံ့နိုင်တာ
သူ့စကား တစ်ခွန်းထဲပါ။

တစ်ဘဝစာ ချစ်ခဲ့သူကို
တစ်ခဏတာနဲ့ သေဆုံးစေနိုင်တာ
သူ့စကား တစ်ခွန်းထဲပါ။

နှလုံးသားက စကားသံကို
ဥဏှောက်နဲ့ ဆုံးဖြတ်လို့
အချစ်ကို ပစ်ပယ်မယ်ဆိုလည်း 
ပြောလိုက်ပါ
သူ့စကား တစ်ခွန်းထဲပါ။', 'Poem', 1362114248496, '5faef9bd-569a-46ae-bba4-dd86c987ad9e');
INSERT INTO records (_id, date, hours, minutes, seconds, day, month, year, note_title, note_text, category, upd_time, guid) VALUES (133, 1267362023721, NULL, NULL, NULL, NULL, NULL, NULL, 'ကုဋေရှစ်ဆယ် သူဌေးသား', 'လငပုပ်စားတဲ့ ဘဝတစ်ခု
အစအစုလေးကနေ
အလှတွေ ပျက်ခဲ့ပြီ။

ဘယ်ကလာအလင်းတန်း
ငြိမ်းချမ်းမှုသန်းမလဲလို့
စစ်အတွင်း မျှော်လင့်မှုတစ်ခု
ကမ္ဘာပြုဗြဟ္မာတို့ ဖျက်ခဲ့သည်။

မြေကြီးခဲအစမှာ ဘဝဆုံး
အလူးအလဲခံဦးတော့မလားကွာ
သူသာရှိရင် ပျက်ရချည်ရဲ့။

မရှိဘဲလည်း မဖြစ်နိုင်အောင်
အလိုဆောင် အကြိုက်သွင်း
သူဖန်ဆင်းပြခဲ့တာပဲ။

စာရင်းချုပ်အဆုံးသတ်ရင်
လမင်းပင်အလင်းပျောက်
ကုန်းကောက်ဖို့ ခက်ခဲ့ပြီ။   ။', 'Poem', 1362114284364, 'cf264515-afc0-4652-ad85-5b8c7c723176');
INSERT INTO records (_id, date, hours, minutes, seconds, day, month, year, note_title, note_text, category, upd_time, guid) VALUES (134, 1335358823721, NULL, NULL, NULL, NULL, NULL, NULL, 'တစ်ကယ်ဆို', 'တစ်ကယ်ဆို တို့တွေဟာ
အချိန်တိုင်း နီးနေသင့်တယ်။

တစ်ကယ်ဆို တို့တွေဟာ
ချစ်သူတွေ ဖြစ်သင့်ပါတယ်။

တစ်ကယ်ဆို တို့တွေဟာ
ရင်ထဲက စကားတွေကို
အတူလိုလို ဆိုကြရင်း
ပျော်ရွှင်ခြင်း နေ့ရက်တွေကို
ကျော်ဖြတ်နေ သင့်ပါတယ်။

တစ်ကယ်ဆို တို့တွေဟာ
အခြားဘယ်သူမှ မသိခင်
ရင်ခုန်နေခွင့် ရှိနေသင့်တယ်။

ဒါပေမယ့်……
ကံကြမ္မာရဲ့ လှည့်စားမှုအောက်မှာ
တို့ရဲ့နှလုံးသားတွေ စတေးခံနေခဲ့ရတယ်။   ။', 'Poem', 1362114302814, 'daf942f1-ac73-436b-8d77-2b69c86fc68d');
INSERT INTO records (_id, date, hours, minutes, seconds, day, month, year, note_title, note_text, category, upd_time, guid) VALUES (135, 1336309223721, NULL, NULL, NULL, NULL, NULL, NULL, 'အပြန်အလှန်', 'အပြန်အလှန် ချစ်ပါမှ
ချစ်သူဘဝ ပီပြင်မှာ။

အပြန်အလှန် နားလည်မှ
ချစ်သူဘဝ သာယာမှာ။

အပြန်အလှန် ကြင်နာမှ
ချစ်သူဘဝ ပျော်ရွှင်မှာ။

အပြန်အလှန် စာနာမှ
ချစ်သူဘဝ စိုပြေမှာ။

အပြန်အလှန် ရိုးသားမှ
ချစ်သူဘဝ အဓိပ္ပာယ်ရှိမှာ။

အတုံအလှဲ့မဲ့ ကြင်နာခြင်းက
နာကျဉ်တာ တစ်ကယ်ဆိုလည်း
ရင်သာကွဲပစေ ချစ်ခြင်းတွေနဲ့ 
တစ်ယောက်သောသူ ပျော်စေဖို့
ရှိုက်သံတို့ကို ချုပ်ထိန်းပြီး
အနီးဆုံးမှာ နေပါ့မယ်။   ။', 'Poem', 1362114321023, '902dceec-347a-4e23-8ac6-ad079a0116e5');
INSERT INTO records (_id, date, hours, minutes, seconds, day, month, year, note_title, note_text, category, upd_time, guid) VALUES (136, 1337518823721, NULL, NULL, NULL, NULL, NULL, NULL, 'မသိနိုင်တော့သူ', 'မင်းဘယ်လိုပဲ တားခဲ့တားခဲ့
ကိုယ့်ရဲ့နှလုံးသားတွေက
မင်းလေးဆီကိုပဲ ရောက်နေခဲ့တယ်…

တကယ်ဆို 
မင်းနဲ့ ကိုယ်က ချစ်သူတွေပါ။
နှုတ်ဖျားက ဝန်မခံကြလည်း
နှလုံးသားခြင်း သိနေနှင့်ခဲ့ပါတယ်…

တကယ်ဆို 
ကိုယ်တို့နှစ်ဦးကြား
ခြားထားတဲ့ စည်းကို 
မင်းတစ်ယောက် လှမ်းကျော်ဖို့ မရဲခဲ့လို့ 
နှလုံးသားတစ်စုံ နာကြင်နေပြီကွာ…

သည်ရင်ခွင်ကတော့
မင်းလေး နားခိုဖို့ အတွက်
အမြဲတမ်း၊ အမြဲတမ်း……
နွေးထွေးစွာ ကြိုလင့်နေမှာ………။   ။', 'Poem', 1362114339222, '4d6b30cf-145c-4fcf-859c-8483a33d6516');
INSERT INTO records (_id, date, hours, minutes, seconds, day, month, year, note_title, note_text, category, upd_time, guid) VALUES (137, 1337691623721, NULL, NULL, NULL, NULL, NULL, NULL, 'မဝံ့ရဲတဲ့ အချစ်', 'မဝံ့ရဲတဲ့ အချစ်တွေနဲ့အတူ
သက်ဆိုင်သူ သူ့အတွက်
အားလုံးကို ပေးလိုက်မယ်
အမုန်းတွေ အလွမ်းတွေ
ဖယ်ပြီးတော့ပေါ့…

မဝံ့ရဲတဲ့ အချစ်တွေနဲ့အတူ
သူ့အတွက် 
အားလုံးကို ကျော်ဖြတ်မယ်
သူ့ အပြုံး တစ်ခုကို
အဖော်ပြု ပြီးတော့ပေါ့…

မဝံ့ရဲတဲ့ အချစ်တွေနဲ့အတူ
နွေးထွေးတဲ့ အကြင်နာတွေ
သူ့အတွက် အမြဲရှိနေချင်တယ်
တစ်ဘဝလုံး အတွက်ပေါ့…

သူသာ အနားမှာရှိနေရင်
တကယ်ပါ…………။   ။', 'Poem', 1362496422867, '49daf7d1-902e-4c55-9687-3127e1cde69a');
INSERT INTO records (_id, date, hours, minutes, seconds, day, month, year, note_title, note_text, category, upd_time, guid) VALUES (138, 1337950823721, NULL, NULL, NULL, NULL, NULL, NULL, 'ညာမရလို့', 'သူ့အမူအရာက ဒီလိုမဟုတ်ဘူး
သူ့မျက်နှာမှာ ဒါတွေမတွေ့ဘူး
သူ့မျက်ဝန်းက ဒီလိုမပြောဘူး
ဒါပေမယ့်…
သူ့နှုတ်ဖျားက ပြောခဲ့တယ်…
မချစ်ဘူးတဲ့……။

ကံကြမ္မာက ညာတယ်
အချစ်ကလည်း လှည့်စားတယ်
နှလုံးသားကို 
လိမ်ဖို့ကျိုးစား ခဲ့ပေမယ့်
အစွဲကြီးတဲ့ အသဲက
မယုံကြည်နိုင်ခဲ့ဘူး……။

အချိန်ဆိုတာ ပြောင်းလဲနေစမြဲပါ
မပြောင်းနိုင်တဲ့ 
အချစ်တစ်ခုကို ပိုင်ဆိုင်ထားသရွေ့
မေ့ဖို့က မဖြစ်နိုင်ပါ……။   ။', 'Poem', 1362114378030, '110cb4b6-18dc-4f9c-b5a0-400a95e157dc');
INSERT INTO records (_id, date, hours, minutes, seconds, day, month, year, note_title, note_text, category, upd_time, guid) VALUES (139, 1342742400000, NULL, NULL, NULL, NULL, NULL, NULL, 'သစ်ရွက်ကလေးရဲ့ ဒိုင်ယာရီ', 'ပန်းကလေးပွင့်ဖို့
သစ်ရွက်ကလေးက စွမ်းအင်ဖြည့်ပေးရတယ်။

ပန်းကလေးလှနေတော့
သစ်ရွက်ကလေးက လက်ခုပ်တီးပြီးပျော်ရတယ်။

ပန်းကလေးဆီ ပျားပိတုံးတွေလာတော့
သစ်ရွက်ကလေးက မနာအောင်ခံပေးတယ်။

ပန်းကလေးပိုလှဖို့အတွက်
သစ်ရွက်ကလေးက ကြွေပေးလိုက်တယ်။

ပန်းကလေးလဲ ကြွေရော
သစ်ရွက်ကလေးခဗျာ ကြေမွသွားတော့တယ်။

ပန်းကလေးကြွေတာကို
ဝမ်းနည်းသူရှိလည်း
သစ်ရွက်ကလေးအတွက်တော့ ဘယ်သူမှဝမ်းမနည်းကြဘူး။', 'Poem', 1362363597359, '04bff164-7d31-4b0b-8613-d2a671544d8a');
INSERT INTO records (_id, date, hours, minutes, seconds, day, month, year, note_title, note_text, category, upd_time, guid) VALUES (140, 1342629103000, NULL, NULL, NULL, NULL, NULL, NULL, 'အပြစ်ပယ်ခံ', 'ခံစားရတာများလို့
နာကျဉ်ရမှန်း မသိတော့ဘူး။

မြိုသိပ်ခဲ့တာများလို့
ဖွင့်ပြောရကောင်းမှန်း မသိတော့ဘူး။

အရှုံးပေးခဲ့တာများလို့
အနိုင်ရမှာ မသိတော့ဘူး။

ပေးဆပ်ခဲ့တာများလို့
ရယူရမှာ မသိတော့ဘူး။

ခေါက်ရိုးကျိုးနေတော့
ကျေနေတာပဲ အမှန်ထင်တော့တယ်။

ဆို့နင့်နေတော့
ရှိုက်သံကိုပဲ နားစွဲနေတယ်။

ပြစ်ပယ်ခံမို့
ဂရုစို်က်မှာ စိုးမိတယ်။

စွဲထင်နေတဲ့ ပုံရိပ်တွေက တစ်သက်စာမို့
ပျောက်ပြယ်သွားမယ် မထင်ဘူးကွယ်။ ', 'Poem', 1362496336351, '864f262d-b3b0-4ae2-9fd0-cea6ccd49d9f');
INSERT INTO records (_id, date, hours, minutes, seconds, day, month, year, note_title, note_text, category, upd_time, guid) VALUES (141, 1342542808972, NULL, NULL, NULL, NULL, NULL, NULL, 'အပြစ်ရှိသူပါ', 'မကြားချင်ဘူး
ငါဘာမှမကြားချင်ဘူး
ဂရုမစိုက်ဘဲမနေနိုင်လို့ မေးမိတဲ့
နာကျဉ်တဲ့အကြောင်းတွေ
ရှိုက်ငိုသံသဲ့သဲ့တွေ…

မမြင်ချင်ဘူး
ငါဘယ်တော့မှမမြင်ချင်ဘူး
မျက်စိရှေ့မှာမဟုတ်လဲ မြင်ယောင်မိတဲ့
ပါးပြင်ပေါ်က မျက်ရည်စတွေ
ကြိတ်မှိတ်ခံစားနေတဲ့ အမူအရာတွေ…

မကောင်းဘူး
ငါကိုကမကောင်းဘူး
မြိုသိပ်ထားတာ များလွန်းတော့
မပြောရက်တဲ့ စကားတွေ
ဖြေသိပ်ပေးချင်တဲ့ စေတနာတွေ…

မှားနေတယ်ဆိုလည်း
မင်းအတွက် ငါ
အမြဲရှိနေဦးမှာပါ……။  ။', 'Poem', 1362156450021, '13a84db9-da89-4a6c-8a43-0f26403e0a0d');
INSERT INTO records (_id, date, hours, minutes, seconds, day, month, year, note_title, note_text, category, upd_time, guid) VALUES (142, 1338136435000, NULL, NULL, NULL, NULL, NULL, NULL, 'လျှို့ဝှက်ထားခဲ့ပြီး', 'ချစ်ခဲ့တာ ခဏလေးအတွက်မှ မဟုတ်ဘဲ။

အပြုံးတွေလဲ မမြင်ခဲ့ဘူး
စကားတွေက မကြင်နာခဲ့ဘူး
မျက်လုံးချင်းတောင် ဆုံခွင့်မပေးခဲ့ဘူး
ဒါပေမယ့်…
မြင်ခွင့်ရတဲ့ သူမျက်လုံးတွေက
ရင်ထဲကအချစ်ကို ပြောပြနေကြတယ်။

သူလျှိုဝှက်ထားခဲ့တယ်
ပြီးတော့… တားခဲ့တယ်။
ဘယ့်အတွက်ကြောင့်များ
သူ့ရင်ထဲက အချစ်ကို
ကွယ်ဝှက်နိုင်အားတာလဲ။
အပြစ်မပြောပါရစေနဲ့
အပြစ်တင်မစောပါနဲ့
ချစ်သူရယ်…
ချစ်တယ်ဆိုတာ မုန်းမေ့ဖို့မှ မဟုတ်ဘဲ။', 'Poem', 1362155655724, '578e6495-a8d0-4c8d-ab02-bc0b21fb363f');
INSERT INTO records (_id, date, hours, minutes, seconds, day, month, year, note_title, note_text, category, upd_time, guid) VALUES (143, 1350232494000, NULL, NULL, NULL, NULL, NULL, NULL, 'ချစ်သူမေ့သွားသော နှလုံးသား', 'ချစ်သူ… 
ငါ့အတွက် အေးစက်နေတဲ့ 
မင်းနှလုံးသားကို လှုပ်နှိုးရလွန်းလို့ 
ငါလက်အံတွေသေလှပါပြီ…

ချစ်သူ…
မင်းကို ချစ်တဲ့ စိတ်တစ်ခုထဲနဲ့…
ဒီအတ္တကို ပူလောင်မှန်း သိရက်…
မလွှတ်တန်းဖက်တွယ်ထားခဲ့မိလို့…
ငါ့နှလုံးသားလည်း ပြာကျနေပြီ…

ချစ်သူ… 
မင်းကတော့ sorry လို့ ပြောပြီး 
လှည့်မကြည့်တမ်း ထွက်သွားတဲ့သူပါ…

ချစ်သူ…
မင်းနင်းသွားတဲ့ မာနတွေကို 
တစ်စစီပြန်ကောက်ရင်း…
ငါ့နှလုံးသားကို ပြန်ဆက်ကြည့်နေမိ သူပါ…', 'Poem', 1362161697229, '122fe758-f578-4c8a-baab-050d9e51f050');
INSERT INTO records (_id, date, hours, minutes, seconds, day, month, year, note_title, note_text, category, upd_time, guid) VALUES (144, 1354984522000, NULL, NULL, NULL, NULL, NULL, NULL, 'ထားခဲ့', 'ပစ်မထားပါနဲ့၊
အဝေးကြီးကို ထွက်မသွားပါနဲ့၊
အချိန်အကြာကြီး ခွဲမထားခဲ့ပါနဲ့။

ငါဟာ မင်းအတွက် ဘာမှမဟုတ်လည်း
မင်းက ငါ့အတွက် လိုအပ်လို့ပါ။
မင်းမရှိရင် ငါ့အနာဂတ်တွေ
ပျောက်နေလို့ပါ။

အဝေးကြီးကို သွားမယ်ဆိုလည်း
သွားလိုက်ပါ၊
ငါ့မျက်ရည်တွေ ချောင်းမဖြစ်ခင်
အဝေးဆုံးကို မင်းသွားလိုက်ပါ။
ငါက မင်းအတွက် အသုံးမကျရင်
မင်းအလိုကျ ထားခဲ့လိုက်ပါ။
ငါ့နှလုံးသားက မင်းနဲ့ပါသွားမှာပါ။
ငါကတော့ နှလုံးသား မရှိဘဲ မင်းကို စောင့်နေမိအုံးမှာ။ ။', 'Poem', 1362448706399, '2753691c-d42b-4d46-9d93-057c212d0956');
INSERT INTO records (_id, date, hours, minutes, seconds, day, month, year, note_title, note_text, category, upd_time, guid) VALUES (145, 1346776546000, NULL, NULL, NULL, NULL, NULL, NULL, 'ရင်ထဲက စကားတစ်ခွန်း', 'ပြေပြမယ် အားခဲထားတဲ့
စကားလေးတစ်ခွန်း။
သူ အခြားတစ်ဦးဆီက
ခဏခဏ ကြားဖူးနေမယ့်
စကားလေးတစ်ခွန်း။
အချိန်တွေကို ရေတွက်ရင်း
မျိုသိပ်ထားရတဲ့
စကားလေးတစ်ခွန်း။
ပြောခွင့်များ ရနိုင်လေမလား။
သူကြားအောင် ပြောပြခွင့်များ 
ရှိလေဦးမလား။

အခုချိန်မှာတော့ သူက
မကြားနိုင်တဲ့ အဝေးတစ်နေရာမှာ။
ပြန်လာမယ်ဆိုရင် ပြောချင်ရဲ့
ကြားနိုင်မယ်ဆိုရင် ပြောချင်ရဲ့
သူက တန်ဖိုးမထားလဲ 
ရင်နဲ့ရင်းပြီး ပြောချင်တဲ့ စကားတစ်ခွန်း။
ပြောပါရစေ…

မျှော်လင့်ချက်တွေနဲ့
နှစ်တွေပြောင်းပြောင်း မဟောင်းသေးတဲ့ ဒီစကားက 
သူ့အတွက်သာ 
ထာဝရရှင်သန်နေမှာပါ။', 'Poem', 1362363678911, '6642770a-2f1f-40ed-a76d-72cd7c25c54e');
INSERT INTO records (_id, date, hours, minutes, seconds, day, month, year, note_title, note_text, category, upd_time, guid) VALUES (146, 1347986167000, NULL, NULL, NULL, NULL, NULL, NULL, 'အစဉ်အမြဲ', 'မင်းလေးအားငယ်တဲ့အချိန် 
အားပေးချင်ခဲ့တာ။

မင်းလေးအထီးကျန်နေတဲ့အချိန်
မင်းလေးအနားမှာ ရှိနေချင်ခဲ့တာ။

မင်းလေးဝမ်းနည်းနေတဲ့အချိန်
မျက်ရည်စတွေ သုတ်ပေးချင်တာ။

မင်းလေးမျှော်လင့်ချက်မဲ့ နေတဲ့အချိန်
အလင်းရောင်ရှာပေးချင်တာ။

မင်းလေးအတွက် 
ဖြည့်ဆည်းမပေးနိုင်ခဲ့လည်း
မင်းလေးအလိုရှိတဲ့အချိန် 
အနားကို ရောက်နေချင်မိတာ။

မင်းလေးအတွက် 
အမြဲတမ်းအသင့်ရှိနေတာ
အသည်းကို ညာလို့မရနိုင်ဘူးကွာ။ ။', 'Poem', 1362247479120, 'c3e7d12d-4c60-47df-8bfb-c719da53f38b');
INSERT INTO records (_id, date, hours, minutes, seconds, day, month, year, note_title, note_text, category, upd_time, guid) VALUES (147, 1348963200000, NULL, NULL, NULL, NULL, NULL, NULL, 'ချစ်သူအတွက်', 'မင်းရဲ့ စွဲလန်းမှုအတွက် ဇွတ်မှိတ်လျှောက်နေလည်း၊
မေ့ပျောက်ခက်တဲ့ ဒီစွဲလန်းမှုထဲ 
ငါ လွင့်မျောနေဆဲ။

မင်းလေး ငဲ့မကြည့်တဲ့ 
ငါ့ရင်ထဲက အချစ်တွေ၊ 
မင်းမရှိတဲ့နေ့ရက်တွေထဲ 
မျှော်လင့်နေဆဲ။

မဖွင့်ဟဘူး 
မင်းအပြုံးတွေ ငါ့အတွက် မဖြစ်သေးသ၍။

ငါ့အတွက် 
အသည်းကွဲတာ
မဆန်းတော့ဘူး၊
ချစ်သူနဲ့ဝေးတာ ရိုးနေပြီ၊
အလွမ်းဆိုတာ စက္ကန့်တိုင်း၊
မင်းလေးပေးတဲ့ လက်ဆောင်တွေက
တစ်ဘဝ ပျက်နိုင်မယ် မထင်လို့
အပြစ်ဆိုဖို့ မသိနိုင်တော့ဘူး။

ရှေ့ဆက် ဆုတောင်းပေးနေမယ် 
မင်းအတွက်…
အပျော်ရက်တွေ မပျောက်ပါစေနဲ့ပေါ့။', 'Poem', 1362363710651, 'f7c87c34-80d4-437b-81e7-aeecea976510');
INSERT INTO records (_id, date, hours, minutes, seconds, day, month, year, note_title, note_text, category, upd_time, guid) VALUES (148, 1350751063000, NULL, NULL, NULL, NULL, NULL, NULL, 'ဝိုးတဝါး', 'သစ်ရွက်ခြောက်လိုပဲ ခြောက်ကပ်နေတဲ့ နံရံတစ်ခုက 
နှလုံးသားထဲက ခံစားချက်တွေကို ပြောပြနိုင်ပါ့မလား…
အရုပ်တောင် မပါတဲ့ ဓာတ်ပုံတစ်ခုက 
ပြုံးပြနေတယ် ပြောနိုင်ပါ့မလား…
လှည့်စားမှု တစ်ခုမှန်းသိလျက်နဲ့ မငြင်းနိုင်တာ 
နှလုံးသားကို လိမ်ညာနေမိလို့ပါ…။ 

မင်းလေးသဘောပါ
ထားချင်ရင်ထား သွားလိုရာသွား
မင်းရင်ထဲက စကားအတိုင်း
မင်းဆဒ္ဒအတိုင်းလုပ်ပါ။
ငါ့ကို ဂရုမစိုက်ပါနဲ့။
အရှုံးပေးထား ပြီးပြီပဲ၊
အဆုံးစွန်ထိ မင်းအနိုင်ယူပါ။

နှလုံးသားထဲမှာ မင်းကရှိနေနှင့်ပြီးသားပဲ။
မင်းထားခဲ့လည်း ငါ့နှလုံးသားထဲက
ပုံရိပ်တွေ မကွယ်ပျောက်နိုင်ဘူး။
ငါ့ဘဝထဲက ထွက်သွားခဲ့တောင်
မင်းရဲ့ပုံရိပ်တွေ ငါအမှတ်တရ
သိမ်းထားမိဦးမှာ။', 'Poem', 1362363259158, 'e15bab9c-e198-4600-b866-d5d134df3d01');
INSERT INTO records (_id, date, hours, minutes, seconds, day, month, year, note_title, note_text, category, upd_time, guid) VALUES (149, 1351615084000, NULL, NULL, NULL, NULL, NULL, NULL, 'အားအင်', 'အတိတ်တွေ ပျက်ဆီးသွားရင် 
ဝမ်းမနည်းနဲ့၊
အနာဂါတ်တွေက မင်းအတွက် 
လှပနေလိမ့်မယ့်။

အတိတ်တွေ အဖျက်ခံရရင် 
မင်းမငိုနဲ့၊
ဖတ်တွယ်ထားရင် 
မင်းပါပျက်လိမ့်မယ်။ 

အတိတ်တွေက ခါးနေရင်
စိတ်မညစ်နဲ့၊
အရှုံးပေးရင် 
ချိုမြိန်ခြင်းတွေ ပျောက်ကုန်မယ်။', 'Poem', 1362247434994, '73428cdc-3576-4c17-b848-083fe6f92b7e');
INSERT INTO records (_id, date, hours, minutes, seconds, day, month, year, note_title, note_text, category, upd_time, guid) VALUES (150, 1352911106000, NULL, NULL, NULL, NULL, NULL, NULL, 'မင်းအတွက် ရင်ခွင်', 'ကြင်နာပေးပါလို့ မပြောဘူး…
မင်းရင်ထဲမှာ ငါမရှိလို့။

စောင်းငဲ့ကြည့်ပါ မတောင်းဆိုဘူး…
မင်းငါ့ကို မေ့နေတတ်လို့။

တစ်ကြိမ်တစ်ခါ အရှုံးပေးဘူးတယ်…
သူပျော်နိုင်ဖို့။

ထပ်မတောင်းဆိုနဲ့ ငါ့ရဲ့နှလုံးသွေးစက်တွေ…
မင်းလက်ဆေးဖို့ အတွက်။

ခွင့်လွှတ်ထားတာ ချစ်လွန်းလို့၊
စွန့်လွှတ်ပေးတာ မင်းပျော်ဖို့၊
နာကျဉ်နေတာ မင်းမစာနာလို့။

နောက်ထပ်မပေးဘူး 
အခြားတစ်ယောက်အတွက်။

ယုံကြည်ပေးတာ 
အလွဲသုံးစား မလုပ်နဲ့။', 'Poem', 1362363743881, '8a9f0653-cc07-4edd-9514-64a6a18477b9');
INSERT INTO records (_id, date, hours, minutes, seconds, day, month, year, note_title, note_text, category, upd_time, guid) VALUES (151, 1354466332000, NULL, NULL, NULL, NULL, NULL, NULL, 'အရှုံး', 'သူတစ်ယောက်ပျော်နိုင်ဖို့အတွက်
ရင်နဲ့ရင်းပြီး ပေးဆပ်ခဲ့တယ်။

သူမသိတဲ့ နှလုံးသားတစ်စုံက
ကျေမွသွားတာကို ဖုံးကွယ်ထားရတယ်။

ပျော်နိုင်ပါတယ်…
ငါ့နှလုံးသား အပဲ့အကြွေတွေနဲ့ ခင်းတဲ့လမ်းမှာ
မင်းလေးလျောက်လှမ်းပါကွာ။

အစကတည်းက ရှူံးခဲ့တဲ့ ပွဲကို
မျှော်လင့်ချက် ရောင်ချည်တစ်မျှင်နဲ့
ဆက်လှမ်းနေခဲ့မိတာ ငါ့အမှားပါ။

အသက်ဆက်စရာ အားမရှိပဲ
မျှော်လင့်ထားခဲ့မိတာပါ။

အဆုံးရှုံးမခံနိုင်လို့
ဖက်တွယ်ထားမိတဲ့ သံယျောဇာဉ်ကို
မင်းအသုံးချဖို့ ပေးထားပါတယ်။

မင်းလေးရဲ့နှလုံးသား အင်အားပြည့်ဖို့
ငါ့ရဲ့နှလုံးသွေးစက်တွေ စတေးခံခဲ့တယ်။

အောင်မြင်သူ လူသားနောက်တစ်ယောက်အတွက်
ဝမ်းသာပေးဖို့တော့ မပြောပါနဲ့။

မင်းရင်ထဲ မဝင်ရဲခဲ့တာ ငါ့အမှားပါ။

ထာဝရခွဲမသွားတာနဲ့ပဲ ကျေနပ်ရတော့မှာ…
ငါက အရှူံးသမားသက်သက်ပါ။ ။', 'Poem', 1362363441014, '7b87f438-9a9e-4a0b-a6ae-273199d1f528');
INSERT INTO records (_id, date, hours, minutes, seconds, day, month, year, note_title, note_text, category, upd_time, guid) VALUES (152, 1355589555000, NULL, NULL, NULL, NULL, NULL, NULL, 'ကမ္ဘာပျက်ခဲ့ရင်', 'မာယာလူမျိုးတွေက
၂၁ရက်နေ့ နေကြီးပေါက်ကွဲ
ပျက်ဆီးသွားမယ်တဲ့။

တကယ်လို့သာ ကမ္ဘာပျက်ခဲ့ရင်…
ချစ်တဲ့သူ အနားမှာရှိသူတွေက
ဘယ်မှုစရာရှိမလဲ
အတူတူ ရင်ဆိုင်နွှဲဖို့ 
အင်အားအပြည့်ပဲလေ…။

ရေခြားမြေခြား ချစ်နေသူ ဘဝများတော့
ဆုံခွင့်လေးတောင် ရှိနိုင်ပါဦးမှာလား။', 'Poem', 1362496314039, '9aec51e1-02b3-42e2-bc99-b910bb48c1ea');
INSERT INTO records (_id, date, hours, minutes, seconds, day, month, year, note_title, note_text, category, upd_time, guid) VALUES (153, 1361551177000, NULL, NULL, NULL, NULL, NULL, NULL, 'အမှတ်မဲ့', 'အ့ဓိပ္ပာယ်မဲ့ ရှင်သန်မှု
ကွယ်ပျောက်တဲ့ အချိန်၊ 
ရှုရှိုက်ခဲ့တာ ပင့်သက်ပေမယ့် 
အဓိပ္ပာယ် မမဲ့ပါဘူး၊ 
သည်အချိန် ခဏတာလေး ကုန်ဆုံးခဲ့ဖူးပြီ။

ဟိုးအဝေးကြီး လှမ်းမျှော်ရင်း
ဆုံဖူးတဲ့ ပုံရိပ်လေးတွေ 
တစ်စစီ ပြန်ကောက်ခဲ့ဖူးပြီ။

တစ်ကြိမ်တစ်လှည့် 
အညာမဲ့ နှလုံးသား အလိုကြ
ခံစားရ ဦးမလား
အတွေးများ လွင့်ပျောက်သွားဖူးပြီ။

ဆုံဖူး တွေ့ဖူး ဝေးသွားဖူးတော့
အရိပ်တစ်ခုပဲ ရင်ထဲမှာ
သိမ်းဆည်းထားစဲပါ။  ။', 'Poem', 1362448680844, '5eee5a2b-1f39-4dea-9c57-543dc7f15ea7');
INSERT INTO records (_id, date, hours, minutes, seconds, day, month, year, note_title, note_text, category, upd_time, guid) VALUES (154, 1361896802000, NULL, NULL, NULL, NULL, NULL, NULL, 'Untitled', 'ခံစားချက်တွေ မပေးချင်ဘူး
မျက်နက်ဝန်းမှာ မျက်ရည်စတွေ
မမြင်ရက်လို့။
နာကျဉ်ဖူးတဲ့ နှလုံးသားကို
ဒဏ်ရာထပ်မပေးရက်ဘူး၊ 
မျက်နှာညိုနေရင် မနေတတ်လို့။ 
မခံစားရစေပါနဲ့ သူ့အတွက် 
သူ့အပြုံးတွေ အမြဲလှစေတော့', 'Poem', 1362247083156, '3b071eb3-5786-45b4-9167-06887f234281');
INSERT INTO records (_id, date, hours, minutes, seconds, day, month, year, note_title, note_text, category, upd_time, guid) VALUES (155, 1347290224775, NULL, NULL, NULL, NULL, NULL, NULL, 'ဆိုရင်', 'ပြောပြီးခဲ့ပါပြီ။ 
အရာမထင်တဲ့ ချစ်စကားတွေကို 
မင်းရင်ထဲ ရောက်အောင် 
ပို့ခဲ့ပြီးပါပြီ။ 

မင်းကတော့ 
အသက်လောက် ချစ်မိသူကို 
နာကျဉ်အောင် ပြုရက်ခဲ့တယ်။

မင်းလေး ပျော်နိုင်ဖို့အတွက် 
စတေးခဲ့တဲ့ ငါ့နှလုံးသားက 
မင်းအလိုရှိရင် သုံးဖို့အတွက် 
အဆင်သင့် ရှိနေပြီးသားပါ။
 
မင်းလေး လိုတဲ့အခါတိုင်း 
ငါက ဘေးမှာ အသင့်ရှိနေမိခဲ့သူပါ။ 
ငါပျော်ခဲ့ရပါတယ်။ 
အသိအမှတ်ပြု မခံရတဲ့ နှလုံးသားနဲ့၊ 
နာကျဉ်နေတဲ့ နှလုံးသားနဲ့ 
မင်းလေးပျော်ဖို့အတွက် ဖြည့်ဆည်းပေးခဲ့တဲ့ 
အချိန်တိုင်း ငါပျော်ခဲ့မိပါတယ်။ 
မင်းလေး အဝေးကို ထွက်သွားတော့၊ 
ငါ့ရင်တွေ နင်းခြေသွားတော့၊ 
နာရမှန်း မသိတော့တဲ့ နှလုံးသားက 
မင်းလေးပျော်နိုင်ဖို့ 
ဆုတောင်းပေးနေမိတယ်။ 
အဝေးက မင်းလေး ခံစားနာကျဉ်တော့ 
နာပြီးသားရင်က မင်းလေးအတွက် ထပ်ပြီးနာကျဉ်ပေးမိတာ 
တစ်ကယ်ဆို 
အမှတ်မရှိနိုင်တော့လို့ပါ။ 
တစ်ရံတစ်ခါတော့ တောင့်တမိပါတယ်။ 
မင်းလေးသာ ရင်ခွင်ဆီ 
ပြန်လာမယ်ဆိုရင်…  
ငါ့ရဲ့အချစ်တွေကို အသိအမှတ်ပြုပေးမယ်ဆိုရင်…', 'Poem', 1362496867561, '37012e93-5f68-4bf5-af20-eb3b0a08782a');
INSERT INTO records (_id, date, hours, minutes, seconds, day, month, year, note_title, note_text, category, upd_time, guid) VALUES (156, 1348327382610, NULL, NULL, NULL, NULL, NULL, NULL, 'လေပြေ', 'နင်သာ သစ်ရွက်ခြောက်လေးဆိုရင်
ငါက လေပြေညှင်းလေးပေါ့၊ 

စိမ်းလန်းခဲ့ဖူးတဲ့ သစ်ပင်ဟောင်းက ခွာဖို့ အားယူနေတဲ့အချိန်… 
အင်အားဖြည့်လို့ ကြွေလွင့်ခွင့် ပေးခဲ့တဲ့ လေပြေညှင်းလေးပေါ့။

မှီခိုခဲ့ဖူးရာ သစ်ပင်ဟောင်းက လှည့်မကြည့်တော့တဲ့ 
သစ်ရွက်ခြောက်လေး လျှပ်တိုက်ပြေးလွှားနိုင်ဖို့၊ ရယ်သံလွင်လွင်လေးတွေ ဖန်ဆင်းပေးတဲ့ လေပြေညှင်းကလေးပေါ့။ ။', 'Poem', 1362497116652, '5326f1c1-b969-4f0d-a97a-3d4ce56e7a48');
INSERT INTO records (_id, date, hours, minutes, seconds, day, month, year, note_title, note_text, category, upd_time, guid) VALUES (157, 1386028800000, NULL, NULL, NULL, NULL, NULL, NULL, '4U!', 'တကယ်တော့
မလိုချင်ခဲ့တာ မဟုတ်ဘူး
အဝေးကြီးဝေးနေလို့
မမျှော်လင့်ရဲတာပါ…။
နောက်ကျတယ်ဆိုလည်း
အိပ်မက်တော့ မက်ခွင့်ပေးပါ။
ပျံသန်းခွင့် မရှိဘူးသိရက်နဲ့
ငါ့အတောင်ပံတွေ
သိမ်းဝှက်ထားရတော့မလား။
မင်းရင်ခွင်မှာ မနေရလည်း
ငါ့ကမ္ဘာမှာ လသာခွင့်ရှိပါတယ်
နှုတ်မဆက်တော့ပါဘူး
မဆုံတွေ့တော့မယ့်နေ့အတွက်ပေါ့…
(ဝေးနေရမယ့် နေ့အတွက်ပေါ့)…။', 'Poem', 1391940500964, 'a5a86793-cf62-433f-9a84-c82145db96a9');
INSERT INTO records (_id, date, hours, minutes, seconds, day, month, year, note_title, note_text, category, upd_time, guid) VALUES (158, 1372896000000, NULL, NULL, NULL, NULL, NULL, NULL, 'Facebookတမ်းချင်း', 'ကိုfacebookရယ်…
ခင်ဗျားကတော့ မေးရှာတယ်
မင်းရင်ထဲမှာ ဘာဖြစ်နေလဲ တဲ့
ပြောပြချင်ပါတယ်
အခွင့်သာရှိရင် ပြောလိုက်ချင်ပါတယ်
ဒါပေမယ့်…
မပြောပါနဲ့တဲ့…။

ကိုfacebookရေ…
အလွမ်းတွေကို စာဖွဲ့ခဲ့လည်း
မပြရဲတဲ့ ဘဝ
ခွင့်လွှတ်ထား လိုက်ပါ။

ကိုfacebookရေ…
အသဲကွဲ ကဗျာ 
wall ပေါ်မှာ တင်ချင်လည်း
မညှာတာစိမ်း 
ပိတ်သိမ်းခံ ထားလို့မို့
ခွင့်လွှတ်ပါဗျာ။

ကိုfacebookရေ
နာကျင်တဲ့ အသဲက
စာစစာန ထွက်မကျတော့တာ
သိပါလေစ။

ကိုfacebookရေ
……………………။', 'Poem', 1391940548856, 'ecb16af1-4185-4c2c-a95c-bafb5f7b5a5e');

-- Table: records_add
CREATE TABLE records_add (_id integer primary key,record_id integer,type text,value text);
INSERT INTO records_add (_id, record_id, type, value) VALUES (1, 86, 'Tag', 'facebook');
INSERT INTO records_add (_id, record_id, type, value) VALUES (2, 95, 'Tag', 'facebook');
INSERT INTO records_add (_id, record_id, type, value) VALUES (3, 100, 'Tag', 'facebook');
INSERT INTO records_add (_id, record_id, type, value) VALUES (4, 129, 'Tag', 'facebook');
INSERT INTO records_add (_id, record_id, type, value) VALUES (5, 132, 'Tag', 'facebook');
INSERT INTO records_add (_id, record_id, type, value) VALUES (6, 143, 'Tag', 'Credited to SZA');
INSERT INTO records_add (_id, record_id, type, value) VALUES (7, 66, 'Tag', 'facebook');
INSERT INTO records_add (_id, record_id, type, value) VALUES (8, 14, 'Tag', 'facebook');
INSERT INTO records_add (_id, record_id, type, value) VALUES (9, 148, 'Tag', 'facebook');
INSERT INTO records_add (_id, record_id, type, value) VALUES (10, 153, 'Tag', 'facebook');
INSERT INTO records_add (_id, record_id, type, value) VALUES (12, 144, 'Tag', 'facebook');
INSERT INTO records_add (_id, record_id, type, value) VALUES (14, 140, 'Tag', 'facebook');
INSERT INTO records_add (_id, record_id, type, value) VALUES (15, 127, 'Tag', 'facebook');
INSERT INTO records_add (_id, record_id, type, value) VALUES (16, 155, 'Tag', 'facebook');
INSERT INTO records_add (_id, record_id, type, value) VALUES (17, 156, 'Tag', 'facebook');

-- Table: tags
CREATE TABLE tags (_id integer primary key, tag_name text,guid text DEFAULT '');
INSERT INTO tags (_id, tag_name, guid) VALUES (1, 'Humor', 'bf16f043-d9b6-496f-81c8-ffec1be1b8b1');
INSERT INTO tags (_id, tag_name, guid) VALUES (3, 'facebook', '75e4e2f2-fef1-455e-95d8-1e6fa32562ae');
INSERT INTO tags (_id, tag_name, guid) VALUES (4, 'Credited to SZA', '9aa63ee9-2b63-4a22-819c-9451e0a4da57');

COMMIT TRANSACTION;
PRAGMA foreign_keys = on;
